gender,age,hypertension,heart_disease,ever_married,work_type,residence_type,avg_glucose_level,bmi,smoking_status,stroke
1,34.3,1,0,1,2,0,112.0,29.4,2,1
0,73.7,0,0,1,1,0,50,40.7,3,1
0,50.3,0,0,0,1,1,105.1,41.0,2,1
1,26.0,1,1,0,3,1,116.8,34.4,0,1
0,41.0,1,1,0,3,1,118.8,25.6,3,1
0,72.4,0,1,1,2,0,86.7,32.9,0,1
1,77.5,0,0,1,4,1,77.1,30.2,2,1
0,40.5,0,0,1,3,0,94.5,31.1,0,0
0,5.4,0,1,0,0,1,165.8,17.1,2,0
1,13.4,0,0,1,4,1,136.8,29.6,1,0
1,75.6,0,1,0,3,0,112.3,38.0,1,1
1,46.8,1,1,1,4,1,113.2,19.6,3,1
1,61.0,1,0,1,1,1,145.5,31.4,2,1
1,26.9,0,1,1,1,0,134.1,18.7,3,0
0,69.3,0,0,0,0,0,85.5,24.2,1,0
1,47.3,1,1,0,0,0,54.1,35.2,3,1
0,50.4,1,1,1,4,1,93.8,42.9,3,1
1,19.4,0,0,1,4,1,92.0,31.7,3,0
1,16.0,1,0,1,0,1,59.8,20.9,3,0
1,51.2,0,1,0,0,0,132.2,19.3,3,0
1,28.5,1,0,1,2,0,146.2,22.7,0,0
0,27.7,1,1,0,1,0,155.9,31.5,3,1
1,60.5,1,1,0,1,1,54.2,37.6,3,1
1,11.8,0,1,0,2,0,64.3,28.1,1,0
0,71.4,0,1,0,0,0,105.2,28.6,1,1
0,76.4,1,1,1,0,1,50,33.9,3,1
1,43.8,0,0,1,2,1,91.9,22.5,2,0
1,66.8,0,0,0,1,1,123.9,39.6,2,1
1,55.2,1,1,0,0,0,121.4,17.2,2,1
0,15.4,0,1,0,1,1,65.8,28.8,2,0
0,40.8,0,0,1,4,0,58.0,40.4,2,0
0,74.4,1,0,1,1,1,80.4,24.7,1,1
0,41.0,0,0,1,4,1,50,30.3,3,0
1,18.9,1,1,0,3,1,160.9,19.3,1,0
1,51.9,1,1,0,2,1,122.8,23.1,1,1
0,34.2,1,0,0,4,0,85.4,28.9,2,1
1,61.7,1,1,1,1,0,93.3,18.5,2,1
0,21.1,1,0,0,3,1,74.1,35.5,3,1
1,61.4,1,0,0,2,0,118.7,29.8,3,1
1,62.1,0,0,1,0,0,163.3,20.0,2,0
1,66.7,0,1,0,4,1,50,18.0,0,0
0,42.8,1,0,1,1,0,106.9,19.0,0,0
1,68.9,0,0,1,1,1,54.3,41.5,2,1
0,73.1,1,0,0,2,0,68.3,26.4,1,1
1,50.0,0,0,0,1,1,50,34.7,1,0
1,42.6,0,1,0,1,1,50,41.0,1,0
0,45.3,0,1,1,3,0,98.3,37.0,1,1
1,67.3,0,1,0,2,1,55.7,28.7,3,1
0,74.9,0,1,0,0,0,97.8,12.0,0,1
1,65.3,0,0,0,0,1,120.2,27.6,2,1
1,13.2,0,1,1,0,0,112.1,36.6,2,0
0,39.3,0,0,1,1,0,70.7,35.9,2,0
0,67.1,0,1,1,1,0,73.2,32.5,3,1
0,13.3,0,1,0,0,1,100.8,18.4,0,0
1,15.0,1,1,0,0,0,183.6,32.3,1,1
0,74.0,0,1,0,1,0,153.3,29.2,3,1
1,71.3,1,0,1,0,1,132.1,15.4,1,1
1,80.5,1,0,0,3,1,157.3,32.3,1,1
1,25.4,0,1,0,2,0,109.5,21.7,0,1
0,34.4,1,0,1,4,1,183.1,28.6,3,1
0,11.6,0,0,1,0,1,86.6,29.4,3,0
0,39.8,0,0,0,4,1,124.1,31.5,3,1
1,11.7,0,0,0,3,0,65.3,35.7,1,0
0,75.5,0,1,0,2,0,101.2,33.0,1,0
1,26.7,1,0,1,0,1,73.5,20.6,2,0
1,75.5,0,0,0,1,1,133.4,33.4,0,1
1,47.9,0,0,0,0,1,126.7,34.8,1,0
0,49.2,1,1,1,4,0,57.5,34.1,2,1
1,37.3,1,0,1,3,1,163.7,36.7,1,1
0,50.8,0,0,1,0,1,184.9,32.1,0,0
1,48.8,0,0,0,3,0,119.5,21.5,2,0
1,22.7,0,1,1,4,1,195.1,37.4,3,1
0,61.1,0,0,0,4,1,66.2,27.7,1,0
0,23.7,0,1,0,4,0,111.7,34.3,1,1
0,55.0,1,1,1,1,0,70.5,29.7,1,1
0,5.3,0,0,0,4,0,121.3,37.8,2,0
0,42.3,1,0,0,2,0,50,23.4,2,0
1,19.1,1,1,1,0,0,102.0,23.4,0,0
1,58.0,0,1,1,3,1,55.3,34.4,2,1
1,54.0,1,0,0,2,1,125.9,30.5,3,1
0,51.9,1,1,1,4,1,60.1,30.8,2,1
1,18.6,1,1,0,0,1,50.1,27.0,1,1
0,21.8,1,1,1,0,1,70.3,29.4,1,0
0,39.8,0,0,0,1,1,229.4,30.4,1,0
0,22.2,1,1,0,0,1,50,30.5,3,1
1,9.1,0,1,0,1,1,154.1,15.9,2,0
0,44.3,0,1,0,1,0,122.9,35.4,1,1
1,79.9,1,0,0,2,1,232.7,24.5,0,1
0,64.3,1,0,0,0,0,103.1,33.4,1,1
1,63.5,0,1,0,4,0,50,31.9,1,0
0,19.5,0,1,1,4,0,112.7,23.4,0,0
0,3.3,0,0,1,0,0,104.1,23.6,3,0
1,20.8,1,1,0,1,1,134.7,32.5,1,1
0,4.2,1,0,1,2,0,50,19.7,0,0
1,63.0,0,0,1,2,0,125.4,34.0,0,0
1,79.7,0,1,0,1,1,125.3,23.1,0,1
0,12.3,1,0,0,2,0,146.3,30.0,0,1
1,51.4,1,1,1,2,0,127.0,35.6,1,1
0,41.9,1,0,0,1,0,54.1,32.0,0,1
1,17.0,0,0,1,2,0,152.5,21.7,1,0
0,21.7,1,0,1,3,0,50,27.8,0,0
0,70.0,1,1,0,1,0,118.9,32.9,3,1
1,68.2,1,0,1,3,0,50,19.2,3,1
1,39.9,0,1,1,1,0,76.8,32.0,2,1
1,15.1,0,0,1,4,0,64.3,33.4,0,0
0,43.8,1,1,0,2,0,113.5,22.6,1,1
1,55.6,1,0,1,2,0,50,31.1,2,1
0,25.5,1,1,1,0,1,140.1,25.4,3,1
1,54.2,0,0,1,0,1,50,28.3,2,0
0,49.0,1,1,1,0,0,50,27.2,1,1
0,51.2,0,0,0,2,0,88.3,24.6,2,0
1,54.8,0,0,1,2,1,158.3,29.6,1,0
1,39.7,0,0,0,2,1,102.7,23.0,0,0
0,52.5,0,0,0,4,0,98.7,27.0,0,0
0,60.7,0,0,1,1,1,116.9,34.8,2,1
0,64.6,1,1,0,0,1,146.4,27.7,1,1
1,5.5,0,1,1,3,0,99.5,42.7,1,0
0,54.9,0,0,1,2,0,170.7,27.5,2,0
1,43.9,1,0,1,0,0,98.1,27.2,1,1
0,5.1,0,1,0,4,0,50,23.0,1,0
0,7.2,0,1,0,3,1,139.6,23.9,2,0
0,75.9,1,0,0,4,0,81.5,43.2,2,1
0,18.2,1,0,0,4,0,50,15.3,3,0
1,72.8,0,0,0,1,1,50,32.2,1,0
0,25.7,0,1,1,4,1,124.8,19.5,3,0
0,40.7,0,0,1,3,1,82.9,25.3,0,0
0,77.2,1,1,0,1,0,95.0,15.8,0,1
0,27.2,0,0,0,3,1,158.9,27.9,2,0
0,30.0,0,0,1,3,1,51.8,20.4,1,0
1,16.9,1,0,0,1,0,125.8,24.8,2,0
0,56.6,1,0,1,3,1,50,30.9,0,1
1,20.0,1,0,0,4,1,103.7,36.1,0,0
1,16.2,0,1,0,2,1,77.9,17.4,0,0
1,53.6,0,1,1,2,0,144.2,33.0,1,1
1,67.7,1,1,0,2,0,81.0,32.9,0,1
0,29.2,1,1,1,2,0,51.5,26.3,3,1
0,81.6,1,0,1,3,1,159.2,24.6,2,1
1,45.4,0,1,1,4,0,66.2,38.7,0,0
1,34.7,1,0,0,0,1,75.3,27.6,0,0
0,79.9,0,0,1,1,0,87.3,29.0,0,0
0,18.2,1,0,0,1,0,129.0,32.1,2,0
1,61.1,1,0,0,1,1,164.2,22.1,2,1
0,2.7,1,1,0,1,0,60.9,29.9,0,0
1,59.1,0,0,1,2,0,133.1,27.1,1,0
0,15.1,1,0,0,1,1,190.9,29.2,2,1
0,77.9,1,1,1,1,1,92.0,34.6,3,1
0,81.5,0,1,0,3,1,138.6,18.8,2,1
1,24.7,1,1,0,1,1,78.8,22.1,0,0
0,15.8,1,1,1,2,0,85.0,39.5,3,1
1,27.4,0,0,1,0,0,150.7,32.7,3,0
0,42.1,0,1,1,1,1,140.4,23.7,0,0
1,67.2,0,0,0,3,1,96.9,19.2,1,0
1,40.5,1,1,1,1,1,202.1,29.5,2,1
0,43.5,1,1,0,1,1,102.2,20.2,3,1
0,52.5,1,1,0,1,0,122.2,13.7,3,1
0,32.8,1,0,1,1,0,132.8,33.0,1,0
1,13.2,1,1,0,2,1,115.4,23.6,1,1
0,26.7,0,0,0,2,0,94.6,44.1,0,0
0,52.5,1,1,0,4,0,211.8,28.4,1,1
0,59.4,1,1,1,3,0,188.1,24.3,2,1
0,48.9,0,1,1,3,0,110.6,34.0,1,1
1,18.0,0,0,0,2,0,148.2,23.8,1,0
1,34.7,1,0,0,2,0,79.6,30.9,3,1
0,67.4,0,1,0,3,0,146.4,23.8,0,1
0,43.2,1,0,0,4,0,103.8,31.0,3,1
1,54.4,0,0,0,0,0,94.5,31.1,0,0
1,36.1,0,0,1,3,0,120.8,44.0,0,0
0,5.2,1,0,1,3,0,97.3,16.5,1,0
0,27.8,0,1,0,3,0,153.5,34.7,3,0
1,73.8,1,0,0,3,0,140.3,18.5,1,1
0,31.2,0,1,0,2,1,50,33.1,1,0
0,46.9,1,1,0,4,1,93.6,26.0,3,1
0,5.6,1,1,1,0,0,82.1,20.1,2,1
0,81.1,1,1,1,2,1,102.8,30.6,3,1
1,80.3,1,0,0,1,1,107.0,45.4,0,1
0,14.5,0,1,0,3,1,188.3,24.5,1,0
0,42.7,1,1,1,1,1,79.0,30.3,3,1
1,79.3,1,1,0,3,1,172.6,26.9,2,1
1,49.5,1,0,0,4,0,50,21.8,0,0
1,80.6,1,1,0,0,0,96.2,20.8,2,1
0,44.8,0,0,0,0,1,73.6,28.0,3,0
0,46.5,0,1,1,0,1,61.6,16.8,0,0
1,41.9,1,0,0,0,0,79.8,28.8,2,0
0,27.2,1,1,0,3,1,50,17.4,2,1
1,70.4,1,0,1,3,1,85.5,41.5,2,1
1,68.0,0,0,0,4,1,116.9,29.7,1,1
0,66.1,1,1,0,1,0,79.0,34.7,1,1
1,13.1,0,1,1,2,1,109.3,23.5,2,0
1,60.1,1,1,1,2,1,94.6,17.2,1,1
1,57.8,0,1,1,1,1,71.6,13.3,2,0
0,49.4,1,0,1,2,0,50.8,25.4,3,1
0,54.9,0,1,0,1,1,132.9,24.3,1,1
0,5.2,1,0,1,4,1,65.8,42.3,2,1
0,6.5,1,1,1,1,1,119.1,14.9,1,0
1,38.1,0,1,0,3,0,101.0,25.2,3,0
0,46.3,1,1,0,1,0,83.4,21.0,2,1
1,53.7,1,0,1,0,0,86.2,23.6,2,1
0,21.8,0,1,0,2,1,169.9,30.1,3,1
0,67.3,0,0,0,2,1,130.9,36.0,2,1
1,76.1,1,0,0,0,0,81.6,13.0,0,1
0,5.2,1,1,0,2,1,190.4,42.8,2,1
1,3.4,1,1,1,4,1,123.5,28.0,3,0
1,60.1,0,1,1,0,0,96.2,29.4,0,1
0,70.1,0,1,0,1,0,148.9,32.9,3,1
1,5.2,0,1,0,3,0,84.1,25.4,2,0
0,10.0,1,1,0,2,0,57.8,33.1,0,0
1,16.0,1,1,0,1,0,99.2,28.8,2,1
0,27.7,0,1,0,1,0,112.2,25.0,1,1
0,59.5,0,0,0,4,1,116.4,30.4,3,0
0,75.4,1,1,1,2,1,50,42.2,2,1
1,52.4,1,1,1,0,1,113.7,33.2,3,1
1,18.3,0,0,1,4,1,57.1,32.3,0,0
1,41.6,1,1,0,1,1,149.1,26.7,3,1
0,62.8,1,1,0,2,0,166.4,30.0,3,1
1,26.5,0,1,0,4,0,105.3,26.3,1,0
1,17.3,0,1,0,2,1,131.3,20.1,1,0
1,0.4,0,1,0,4,0,120.2,38.3,2,0
0,81.5,1,0,0,3,1,169.3,28.2,3,1
1,46.6,0,1,1,0,0,105.7,38.9,1,1
1,30.9,0,1,1,2,1,117.4,27.7,3,1
0,75.9,0,0,0,3,1,91.7,30.0,3,0
1,66.0,0,1,0,0,0,216.6,25.1,3,1
1,37.4,1,1,1,0,0,61.5,34.2,2,1
0,54.9,1,0,1,2,1,71.0,15.7,1,0
1,77.6,0,0,1,2,0,63.5,28.3,2,0
0,60.2,0,0,1,1,0,156.6,35.5,3,1
0,73.6,1,1,0,1,1,81.6,31.8,3,1
0,10.3,1,1,0,0,1,121.5,32.0,1,1
1,75.8,1,1,0,1,0,171.2,21.0,1,1
1,43.0,1,1,0,0,0,50,18.2,2,1
1,73.2,0,0,0,2,1,90.3,25.8,0,0
0,52.2,1,1,0,0,0,120.8,38.6,0,1
1,75.3,0,0,0,4,0,147.1,25.9,2,0
1,41.7,0,0,0,3,0,158.5,26.4,3,0
0,65.0,1,1,0,1,1,50,20.7,3,1
0,72.2,0,1,1,2,1,52.4,30.0,2,1
0,69.5,1,0,1,1,0,80.9,26.2,0,1
1,57.6,0,1,1,1,1,95.3,38.1,0,1
1,49.7,0,0,1,1,1,116.5,31.8,1,0
1,21.1,0,0,0,1,1,146.0,21.9,2,0
0,35.1,0,1,1,4,0,88.8,23.6,3,1
0,64.6,1,1,0,1,0,50,31.7,1,1
1,37.6,1,0,0,1,1,84.7,31.7,1,0
0,62.0,1,1,1,3,1,50,18.7,2,1
1,12.2,0,1,1,0,1,100.6,19.2,2,0
1,60.5,0,1,1,2,0,50,30.6,1,1
1,27.8,1,1,1,3,0,142.6,32.5,3,1
1,26.9,1,0,0,4,1,158.6,32.5,3,1
1,56.0,0,0,1,0,0,87.7,36.0,1,0
1,63.7,1,1,1,3,1,88.5,23.5,0,1
1,76.6,0,1,1,4,0,146.5,30.8,1,1
0,36.2,1,0,1,1,0,174.0,30.7,1,1
0,77.7,0,0,0,3,1,50,26.5,3,0
1,8.2,0,1,0,4,1,171.1,30.1,3,1
1,50.2,1,0,0,2,0,120.7,30.0,1,1
0,31.0,0,1,0,4,1,126.0,25.4,3,1
0,61.2,1,0,0,1,1,133.4,42.6,3,1
1,16.8,0,0,0,0,1,108.6,24.0,2,0
0,9.5,1,0,1,1,0,50,24.8,3,0
0,10.9,1,0,1,4,0,140.4,37.7,0,0
0,49.8,0,1,0,0,1,67.7,28.1,1,0
1,61.9,0,1,1,0,1,67.2,25.3,2,1
1,15.4,1,0,1,2,0,207.7,23.8,0,0
0,8.1,0,0,0,3,1,167.6,23.0,3,0
1,47.8,1,1,1,1,1,182.2,28.2,1,1
0,61.6,0,1,1,0,0,101.8,25.2,1,0
0,42.3,1,0,1,3,1,103.0,34.4,2,1
0,69.6,1,1,1,0,1,183.3,19.0,0,1
1,5.4,1,1,1,0,1,105.6,30.5,0,1
1,16.6,0,0,1,0,0,126.2,40.0,0,0
1,24.4,0,0,1,2,1,94.3,38.8,0,0
0,52.7,0,0,0,4,1,99.4,27.7,3,1
1,77.9,0,0,0,4,0,122.7,33.2,3,1
0,31.3,1,1,1,3,0,181.6,27.4,0,1
1,42.2,0,0,0,3,0,132.4,31.1,2,1
1,74.2,1,0,1,0,1,137.8,48.9,0,1
1,37.4,0,1,0,4,1,92.2,27.3,1,0
1,38.3,1,0,0,3,1,189.0,14.7,0,0
0,13.5,0,1,1,2,0,132.2,35.2,3,1
0,22.0,1,1,1,0,0,188.0,27.8,3,1
1,60.2,0,1,0,2,0,134.4,23.9,3,1
1,63.5,0,1,0,2,0,154.8,20.1,1,1
1,25.6,0,1,1,3,1,86.8,17.4,2,1
0,19.1,0,0,0,1,1,64.2,26.4,2,0
1,40.1,1,0,1,3,1,88.6,30.7,1,1
1,30.6,0,0,0,0,1,126.1,31.3,1,0
1,8.6,1,0,1,2,0,50,21.9,0,0
0,61.9,1,1,0,3,1,184.3,37.8,2,1
1,48.9,0,1,0,2,1,75.0,35.1,0,1
0,52.9,0,0,0,3,1,50,16.9,3,0
1,26.6,0,0,1,1,1,174.5,29.8,2,1
0,38.0,1,0,1,3,1,98.3,34.7,3,0
0,69.5,0,1,1,2,1,241.4,30.2,0,1
0,28.1,0,0,0,2,1,86.4,38.3,0,0
0,14.0,1,0,0,0,0,98.8,29.8,3,0
0,41.6,1,1,1,3,1,96.8,30.9,1,1
0,18.2,1,0,1,1,1,92.5,24.4,3,1
1,57.8,0,1,1,3,0,50,26.9,0,0
0,26.3,0,0,1,4,1,117.1,28.5,0,0
1,53.7,1,1,0,1,1,120.3,18.8,2,1
0,58.3,1,1,0,0,0,50,26.5,0,1
0,1.6,1,1,0,0,1,133.3,18.8,2,1
1,51.8,1,1,1,2,0,134.5,21.0,0,1
0,23.3,1,0,0,3,1,157.5,37.8,2,1
0,30.1,1,1,1,2,1,94.7,31.7,0,1
0,17.3,1,0,1,3,1,139.0,29.1,3,1
1,51.6,1,1,0,0,0,50,40.4,1,1
0,81.5,1,0,1,4,1,146.6,26.5,2,1
1,69.5,1,0,1,3,1,150.2,32.2,3,1
1,37.4,0,0,1,4,1,120.3,20.8,1,0
1,27.8,1,1,0,3,1,50,32.0,1,1
0,59.6,1,1,1,2,1,65.8,29.2,1,1
1,13.5,1,1,1,0,0,77.2,11.3,1,1
1,40.8,1,0,0,1,1,108.3,27.3,1,1
0,67.3,1,0,0,3,1,115.2,27.4,2,1
1,68.6,1,0,0,3,1,113.9,20.9,1,1
0,13.5,1,1,0,4,1,205.6,21.6,3,1
0,61.5,0,1,1,0,1,177.2,30.0,2,1
1,36.1,1,0,0,4,0,179.9,15.9,2,1
0,44.7,1,0,1,3,0,102.8,30.5,3,1
0,2.5,1,0,1,3,1,85.8,34.8,2,0
1,66.6,0,0,0,2,1,185.9,24.2,0,0
0,31.1,1,1,1,0,0,94.9,26.3,2,1
0,18.1,1,1,1,4,0,100.3,28.1,1,1
1,46.1,1,1,0,0,1,175.7,21.6,3,1
1,57.4,0,0,0,4,0,57.7,29.7,2,0
0,77.3,0,0,0,1,1,187.7,31.6,0,1
1,60.1,0,0,0,2,1,56.3,29.0,1,0
0,74.6,0,1,1,4,0,98.5,42.0,1,1
0,25.3,1,1,1,0,0,149.0,19.3,0,1
0,10.9,1,1,1,4,0,154.0,32.5,1,1
0,11.5,1,1,1,0,1,95.5,26.4,0,0
0,26.3,1,0,0,2,1,163.7,22.0,2,1
0,78.6,0,1,0,2,0,173.2,35.0,3,1
0,77.4,1,1,1,4,0,171.9,26.4,3,1
0,23.3,0,1,1,3,0,50,24.0,0,0
1,34.7,1,0,1,3,0,110.1,23.5,1,1
1,71.4,0,0,1,3,1,131.6,18.6,1,0
0,71.9,1,0,0,3,1,149.9,29.1,0,1
1,41.6,0,1,1,2,0,167.8,40.4,1,1
0,54.9,0,1,1,2,1,111.9,46.6,0,1
0,29.4,0,1,1,2,0,176.9,34.6,3,1
1,34.1,1,1,1,4,0,83.6,14.0,0,0
0,48.9,1,0,1,2,1,143.5,35.4,1,1
0,56.7,0,0,0,1,1,159.5,41.6,2,1
1,17.8,0,1,1,4,0,93.9,26.5,0,0
0,3.4,1,0,0,2,1,136.0,27.8,2,1
0,68.5,1,0,0,4,0,87.9,30.7,2,1
0,63.5,0,1,1,3,1,129.6,26.1,3,1
0,68.7,1,1,0,3,1,110.5,38.0,3,1
0,6.7,0,0,0,1,0,108.4,40.9,2,0
1,63.3,0,0,1,4,1,50,15.6,2,0
0,51.0,0,1,1,2,0,74.4,38.9,1,1
1,25.4,1,0,0,2,1,121.8,15.9,1,0
0,41.8,0,0,0,1,1,119.5,22.8,1,0
1,44.8,1,0,1,2,1,107.6,29.2,0,1
1,62.6,1,1,0,1,0,115.2,22.0,1,1
1,47.2,0,1,0,2,0,103.7,18.8,1,1
1,49.1,0,0,0,3,0,123.3,28.4,3,0
1,15.0,0,1,0,0,1,84.4,12.5,2,0
0,70.4,1,0,0,1,1,65.1,28.5,3,1
1,61.3,0,1,1,1,0,50,32.8,3,1
1,69.8,0,1,1,2,1,96.1,35.4,2,1
1,62.3,0,0,1,1,1,153.8,40.3,0,1
0,20.4,0,0,0,2,0,118.8,30.2,0,0
0,50.2,0,0,1,3,0,101.7,28.4,1,0
0,52.3,0,1,1,2,0,183.7,24.2,0,1
0,14.6,0,1,0,2,0,128.8,34.5,0,0
0,6.1,1,0,1,2,1,50,21.6,3,0
0,30.4,0,1,1,3,1,164.6,12.5,2,0
1,60.6,0,0,0,1,1,158.2,21.5,0,0
1,31.7,1,1,1,0,1,97.1,25.2,1,1
1,34.9,0,1,0,3,0,77.3,12.1,2,0
0,39.7,0,1,0,4,1,103.5,24.9,0,0
0,34.1,1,1,1,3,1,87.6,31.1,3,1
1,11.7,1,0,0,4,1,186.1,35.8,3,0
0,33.1,0,1,1,1,0,111.0,21.4,1,0
1,71.0,1,1,0,4,0,50,26.5,2,1
0,36.8,0,0,0,2,1,75.5,28.7,1,0
1,74.3,0,1,1,2,1,96.6,24.7,2,1
1,19.6,0,1,0,2,1,143.9,25.6,0,0
0,73.9,0,0,1,3,0,122.2,38.3,0,1
0,59.5,1,1,1,4,1,107.6,22.7,1,1
1,44.2,0,1,1,4,1,73.8,36.2,3,1
0,54.0,1,1,0,2,1,123.4,39.1,3,1
0,37.3,1,1,1,4,0,156.5,42.5,1,1
0,3.9,1,0,1,3,1,92.9,31.9,1,0
1,59.0,1,1,1,4,1,71.3,34.1,0,1
1,9.1,0,0,0,1,1,136.9,24.0,0,0
0,72.5,1,1,0,4,1,150.8,29.1,1,1
1,74.2,0,1,1,2,0,88.6,31.8,3,1
0,11.6,1,1,0,3,1,155.8,30.2,3,1
0,46.4,0,1,1,0,1,127.3,43.4,1,1
1,21.8,0,0,1,2,0,101.9,30.2,2,0
0,17.7,0,0,1,0,0,128.0,28.4,3,0
1,81.4,0,0,1,4,0,95.8,25.7,0,0
1,67.8,0,1,0,4,1,70.9,37.1,0,1
1,25.1,0,1,0,0,0,174.5,23.0,3,1
1,44.0,0,1,0,2,1,59.5,34.9,0,0
0,69.3,1,1,0,2,0,130.1,25.0,3,1
0,8.9,1,0,0,4,0,87.3,42.0,2,0
1,61.6,1,1,0,0,1,50,25.7,0,1
0,77.7,0,0,0,4,1,149.7,10,0,0
1,77.3,0,0,0,3,0,124.0,16.7,0,0
1,42.3,1,1,1,3,1,101.7,36.5,2,1
0,36.3,0,0,1,2,1,90.4,29.9,2,0
0,68.0,1,1,0,3,1,143.1,29.0,3,1
0,42.1,1,1,0,2,0,101.9,26.1,2,1
1,40.0,0,0,0,1,1,136.7,29.6,1,0
0,53.3,1,1,1,0,1,138.9,39.6,2,1
0,78.1,0,0,0,2,0,91.5,21.0,1,1
0,0.8,0,1,1,1,0,182.7,29.7,3,0
0,2.6,1,1,0,3,1,50,15.7,2,0
1,16.6,0,1,0,0,1,102.2,10.5,3,1
1,37.8,1,0,1,3,1,135.0,23.3,0,1
0,41.5,0,0,1,4,0,160.9,37.5,3,1
1,48.1,0,1,0,2,1,90.9,27.8,3,1
0,33.4,1,1,1,4,1,75.7,24.5,3,1
1,59.8,1,1,1,3,1,50,29.7,3,1
0,76.0,1,1,1,2,1,157.0,33.5,3,1
1,70.6,1,1,0,1,1,80.9,15.1,3,1
0,37.1,0,1,1,2,1,87.5,30.3,3,1
0,21.0,0,1,1,4,0,107.6,35.9,3,1
0,64.0,1,0,0,1,0,57.8,32.4,1,1
1,41.0,1,1,0,2,1,139.2,29.8,0,1
1,7.4,0,0,0,3,1,117.7,21.6,0,0
0,33.3,1,0,0,3,0,159.4,27.7,1,1
1,20.3,1,0,0,3,1,86.2,27.3,0,0
0,48.5,0,0,1,4,0,134.9,25.2,1,1
0,12.2,0,0,1,3,0,62.2,32.0,0,0
0,50.9,1,1,1,4,0,167.4,28.8,1,1
0,76.4,1,0,1,1,0,103.8,36.2,3,1
0,22.0,0,1,0,2,1,245.0,42.7,2,1
1,13.2,1,0,1,0,0,192.6,29.8,1,1
0,75.9,1,1,0,2,0,123.2,21.8,1,1
1,32.7,0,1,1,1,0,50,46.5,1,0
1,24.7,1,0,0,3,0,58.6,31.4,2,0
0,65.3,1,0,1,3,1,126.2,31.5,1,1
0,20.2,0,0,0,4,0,113.6,25.3,0,0
1,25.4,1,0,1,3,1,138.0,23.5,0,0
1,76.9,0,1,1,1,1,184.4,27.0,3,1
0,63.8,0,1,0,3,1,132.4,37.2,2,1
1,17.2,0,1,0,0,1,68.4,35.6,2,0
0,31.2,0,0,0,2,0,62.1,26.0,1,0
0,33.3,0,1,0,2,1,157.8,36.8,2,1
0,32.4,0,1,1,2,1,115.9,26.8,1,1
1,5.6,0,1,1,2,1,50,21.9,0,0
0,16.9,0,1,1,0,0,69.2,32.6,1,0
1,47.5,0,1,1,0,0,136.4,35.5,1,0
0,13.0,0,0,0,1,1,177.1,38.7,0,0
0,54.8,0,1,0,2,1,127.0,30.0,0,1
0,27.6,1,0,0,1,1,50,20.9,3,0
1,66.0,0,0,0,0,0,181.5,26.1,3,1
1,44.0,1,1,0,0,0,147.9,25.0,2,1
1,65.3,1,0,1,4,0,78.7,35.1,2,1
1,29.0,0,0,0,3,0,84.0,37.9,3,1
0,60.2,1,1,0,2,0,145.3,39.1,2,1
0,35.9,0,0,0,4,1,121.3,39.7,1,1
1,81.5,0,0,1,0,1,103.9,22.6,2,0
1,24.9,0,0,1,0,0,52.6,17.1,0,0
1,66.1,1,1,1,0,1,169.4,19.0,1,1
1,32.6,0,0,0,4,1,150.4,30.9,2,0
0,46.6,1,1,1,4,1,67.6,24.6,0,1
1,43.2,0,0,0,3,0,141.4,43.9,2,1
0,37.5,0,0,0,0,1,104.2,35.5,1,1
0,21.4,0,1,1,0,1,121.7,31.6,1,0
0,63.3,1,0,1,0,0,132.5,30.8,1,1
0,2.2,1,1,1,2,0,50,27.2,0,0
1,1.2,0,1,1,1,0,100.0,30.3,0,0
1,71.7,0,1,0,4,0,50,21.6,0,0
1,71.4,0,1,1,0,0,50,31.4,1,1
0,15.2,0,1,0,4,1,110.9,27.9,0,0
0,51.5,1,0,0,0,0,162.8,26.7,2,1
1,66.5,1,1,1,1,0,192.2,36.2,0,1
1,43.9,1,0,1,0,1,182.4,15.1,1,1
1,2.3,0,0,0,2,1,81.1,33.2,0,0
1,49.8,0,0,0,2,0,111.5,40.6,2,1
1,58.0,0,0,1,4,1,99.5,30.3,3,1
1,18.3,1,1,0,0,0,149.6,22.0,0,1
1,25.9,1,0,0,1,1,112.4,33.5,0,1
0,2.7,1,1,1,2,0,74.3,32.1,1,0
1,43.1,0,0,0,4,0,101.6,20.7,2,0
0,57.1,0,0,1,4,1,141.7,25.4,3,0
0,52.9,1,0,0,3,0,108.8,16.8,3,1
1,79.8,1,1,1,3,1,91.1,25.9,1,1
1,35.0,0,0,0,2,1,66.6,28.5,0,0
1,13.3,0,0,1,2,0,106.1,36.6,2,0
0,5.4,1,1,0,3,1,80.9,23.3,0,0
0,48.0,0,0,1,3,0,129.7,37.4,0,0
1,51.3,1,0,1,1,1,134.7,32.0,0,1
1,42.4,0,1,1,4,1,111.5,19.2,2,0
0,75.7,0,0,0,3,1,87.6,34.3,2,0
1,69.8,0,0,0,3,0,132.7,20.5,2,0
1,17.7,1,1,0,2,1,167.2,25.8,0,1
1,1.0,0,0,0,3,1,50,10,2,0
0,71.5,1,0,0,3,0,75.7,37.2,2,1
1,39.4,0,1,1,2,1,87.5,36.0,1,0
1,0.7,1,1,1,3,0,132.8,34.4,2,1
1,78.6,0,0,0,4,0,75.8,24.2,1,0
1,29.3,0,1,1,3,0,137.6,16.8,2,0
0,67.5,0,0,0,0,1,154.3,30.0,1,0
1,80.1,0,1,1,3,1,82.0,37.0,1,1
1,36.7,0,1,0,1,1,61.5,37.6,1,1
0,65.1,0,0,1,3,0,225.2,32.5,2,1
1,43.9,1,1,1,1,1,112.8,26.4,2,1
1,48.5,0,1,1,0,1,50,17.0,1,0
1,44.4,0,1,0,1,0,83.8,39.0,0,1
0,26.6,0,0,0,2,1,50,29.0,1,0
1,38.9,1,1,1,1,0,130.8,29.3,1,1
1,75.7,0,0,1,4,0,89.5,31.8,1,0
1,7.5,0,1,1,4,1,144.1,38.0,3,1
1,60.3,0,1,0,3,0,87.0,28.6,2,1
0,35.7,1,1,1,3,0,140.2,34.6,3,1
1,35.7,0,0,0,0,0,229.4,20.8,1,0
1,12.3,0,0,1,3,1,116.2,30.8,3,0
1,54.7,0,0,0,2,0,50,37.2,3,1
1,1.2,1,0,0,1,0,76.7,31.9,3,0
0,23.2,0,0,1,1,1,90.1,29.7,0,0
1,33.2,1,1,0,2,1,96.7,37.3,2,1
0,27.9,0,1,0,0,1,211.4,35.0,1,1
1,40.9,1,1,1,4,1,50,32.1,1,1
0,51.8,1,0,1,0,0,61.6,31.0,2,1
1,15.8,0,0,0,2,1,50,38.0,2,0
0,4.6,1,1,0,2,1,112.3,27.2,2,0
1,58.9,1,1,1,4,0,102.5,32.9,1,1
1,61.5,0,1,0,2,0,146.6,27.3,1,1
0,79.2,0,0,1,4,1,143.1,25.2,2,1
0,69.5,0,1,1,4,1,172.3,25.0,3,1
1,63.4,1,1,0,3,1,148.9,24.6,2,1
0,9.8,1,1,1,2,1,147.0,26.6,3,1
0,32.0,0,1,0,0,0,115.4,27.1,2,1
0,14.9,0,0,0,2,0,76.9,31.5,2,0
0,50.3,0,0,0,1,0,50,23.9,0,0
0,78.1,0,1,0,2,1,50,36.2,1,1
1,3.6,1,0,0,1,0,172.0,29.2,0,0
0,47.4,0,1,0,0,1,93.2,40.9,3,1
0,62.1,1,1,0,2,1,112.4,32.1,3,1
0,2.0,0,0,1,2,0,58.0,27.1,3,0
1,8.4,1,1,0,1,1,142.9,32.5,2,1
0,17.4,1,0,1,0,0,68.8,32.4,2,0
0,40.1,1,0,0,0,0,165.5,33.8,2,1
1,75.7,0,1,0,0,1,151.7,10,1,0
0,5.1,1,0,0,3,1,87.6,39.1,1,1
0,45.6,1,1,1,2,1,131.1,31.1,2,1
1,36.9,0,1,1,0,1,90.3,35.3,0,1
0,39.2,0,1,0,0,1,117.2,39.9,1,0
0,31.8,0,1,1,3,1,149.6,27.5,1,0
1,34.4,0,1,1,3,0,117.3,23.3,0,0
0,70.7,1,0,0,0,1,50,27.9,3,1
1,32.9,1,1,0,4,1,50,31.6,1,1
0,9.9,0,1,0,3,0,89.5,12.3,2,0
1,5.2,0,0,0,1,0,161.8,29.0,2,0
0,62.7,1,0,0,1,0,105.9,27.4,1,1
0,15.5,0,1,0,4,1,93.8,41.5,1,0
0,10.1,1,1,0,4,0,120.1,29.0,0,0
0,60.5,0,1,0,2,1,69.4,29.6,3,1
0,21.8,1,1,0,2,0,50,27.2,0,1
0,72.7,1,0,0,4,0,55.2,29.9,1,1
1,1.2,0,1,1,2,0,140.4,26.2,3,0
0,23.1,0,1,1,3,0,96.1,26.8,1,0
0,1.1,0,1,1,0,0,115.4,21.6,2,0
1,3.7,1,0,0,2,1,85.1,29.5,1,0
1,44.1,0,1,1,4,1,137.9,17.9,1,0
0,45.5,1,1,1,0,1,135.2,23.8,3,1
1,22.9,0,1,0,2,1,120.9,32.6,0,0
0,79.9,0,1,0,1,1,121.8,20.3,0,1
0,49.4,0,1,0,0,0,93.4,20.8,2,0
0,48.1,0,0,0,4,1,133.8,40.4,2,1
0,22.4,0,1,0,0,0,86.3,23.6,3,0
1,55.6,1,1,0,4,0,161.3,26.6,3,1
0,22.1,1,1,0,1,1,68.6,33.0,3,1
1,37.7,1,1,1,3,0,50,40.2,2,1
0,24.5,0,0,1,4,1,134.6,41.7,2,1
1,52.3,0,1,0,3,1,61.9,20.4,3,1
1,18.6,0,0,0,2,1,91.4,15.4,3,0
0,10.8,0,1,1,1,0,173.2,21.8,3,1
0,68.0,1,1,1,2,1,117.3,32.1,2,1
1,20.8,1,0,1,4,0,56.8,32.8,3,0
1,49.4,0,0,0,4,0,185.2,23.2,3,0
1,80.2,0,1,0,1,1,60.9,40.7,0,0
0,23.2,0,0,0,2,0,165.3,21.9,3,0
0,14.1,0,1,1,3,1,111.1,25.2,0,0
0,60.9,1,0,1,1,1,81.6,27.8,3,1
1,13.7,0,0,0,3,0,59.9,28.8,0,0
0,6.4,0,0,1,4,0,78.7,26.2,3,0
0,9.3,0,0,1,3,0,67.2,19.0,2,0
1,7.8,0,0,0,0,0,108.5,33.1,3,0
0,46.1,1,0,1,3,0,50,30.9,3,1
0,37.4,1,1,1,3,0,50,19.4,3,0
0,2.6,1,0,0,1,1,137.3,34.2,3,1
1,48.7,0,1,1,1,1,129.3,14.3,0,0
1,51.9,0,1,1,3,1,69.8,20.5,0,0
0,10.5,1,1,1,2,1,85.4,24.2,3,1
1,68.6,0,1,0,2,0,198.0,31.2,1,1
0,9.0,1,1,0,3,0,55.4,39.4,2,1
1,48.5,0,0,0,4,1,145.8,27.2,2,1
1,75.4,1,1,0,0,0,161.4,21.3,2,1
0,62.4,0,0,0,4,1,168.1,26.3,1,0
1,46.2,0,0,1,2,1,133.9,33.6,0,0
1,44.5,1,0,0,3,0,50,30.5,0,0
1,75.2,0,1,0,2,1,120.3,28.9,0,1
1,73.3,1,1,1,4,0,114.5,27.0,2,1
1,38.5,1,1,1,3,0,55.9,24.4,1,1
0,47.9,1,1,1,0,0,126.7,18.9,3,1
0,69.7,0,1,1,4,1,136.1,21.2,2,1
0,58.1,0,1,1,2,0,74.8,30.6,1,1
1,32.1,1,0,1,4,1,149.2,42.6,0,1
0,30.7,1,1,0,4,0,114.9,33.4,0,1
0,66.1,1,1,1,3,0,79.3,24.4,0,1
1,31.3,1,1,0,3,1,169.7,39.0,3,1
1,9.7,1,1,1,1,1,156.9,33.6,0,1
0,62.0,1,1,1,1,1,170.3,50.7,2,1
1,39.9,0,0,1,3,1,85.3,24.7,1,0
1,62.5,0,0,1,2,1,212.9,27.4,2,1
1,45.3,0,0,0,4,1,129.6,19.2,3,0
1,8.2,0,1,1,2,1,91.1,17.0,2,0
1,11.2,1,0,0,0,0,184.6,34.2,0,0
0,34.7,1,0,1,3,1,73.4,29.0,2,0
0,79.9,0,1,0,4,0,116.6,11.1,1,1
1,73.9,0,1,0,0,1,146.2,14.9,3,1
0,74.7,0,1,1,0,0,82.1,27.1,1,1
0,48.0,1,0,1,4,0,84.4,27.7,3,0
1,29.7,0,1,1,3,0,88.9,15.9,0,0
1,10.2,0,1,1,3,0,65.0,25.2,3,0
1,44.5,1,0,1,4,1,79.4,32.3,0,1
1,59.9,1,0,1,3,0,88.7,32.1,0,1
0,48.0,0,1,0,2,1,85.6,10.7,1,0
0,81.1,1,1,0,3,0,50,40.3,1,1
1,56.2,0,1,1,2,0,103.6,19.8,0,1
1,4.3,0,0,0,1,0,67.4,30.4,1,0
0,35.6,0,0,0,3,1,93.0,26.5,3,0
0,52.3,1,1,1,0,1,97.0,27.9,2,1
1,22.5,1,0,0,4,0,50,13.5,2,0
0,54.9,1,1,1,2,0,90.0,23.8,3,1
0,17.8,0,1,0,3,0,91.9,38.9,1,1
1,67.3,1,1,1,2,0,93.2,33.0,3,1
0,35.2,1,0,0,4,0,50,24.0,1,0
1,31.9,0,0,1,3,0,53.2,39.4,1,0
0,20.0,1,0,0,4,1,53.3,49.6,2,1
0,14.2,1,1,0,4,1,56.3,34.4,0,1
1,6.6,0,0,1,3,1,87.7,29.4,3,0
0,70.0,0,1,1,4,0,162.8,29.6,1,1
1,19.9,1,1,0,0,0,144.2,27.3,3,1
0,55.1,0,1,0,1,0,99.5,29.8,2,1
0,72.4,0,1,1,2,1,74.9,29.5,3,1
1,2.7,0,1,1,0,0,88.4,30.7,0,0
1,34.5,1,0,1,3,0,123.9,19.3,0,0
1,52.1,0,1,0,2,1,140.4,26.5,3,1
0,33.4,1,0,0,3,0,67.9,26.1,2,0
1,12.7,1,1,1,2,1,50,30.6,0,0
0,14.1,0,0,0,2,0,50,34.6,3,0
0,29.1,1,1,1,0,0,107.9,26.3,2,1
1,74.6,0,1,0,2,0,149.5,35.1,3,1
0,22.0,0,1,1,0,1,143.0,18.8,2,1
1,74.4,0,1,0,2,0,109.5,30.2,2,1
1,0.3,1,1,0,0,1,141.0,23.2,0,0
1,13.3,0,0,0,3,1,151.4,28.9,2,0
1,69.9,0,1,0,0,0,50,30.9,2,1
0,22.5,1,0,0,2,0,140.1,26.6,1,1
0,13.9,0,0,1,4,1,72.2,35.5,1,0
1,72.2,1,1,0,4,1,78.8,31.9,3,1
1,33.5,1,0,1,4,0,133.9,37.7,3,1
1,14.8,0,0,1,2,0,172.8,27.7,2,0
0,4.7,1,0,1,1,0,50,38.3,2,0
1,20.2,0,0,0,3,1,52.2,27.0,1,0
0,75.3,0,1,1,4,0,145.7,25.5,2,1
1,7.4,0,0,1,3,1,75.1,39.6,2,0
1,63.6,0,0,1,0,1,108.5,30.9,2,1
1,48.2,1,1,1,2,0,116.8,25.3,1,1
0,32.2,0,0,1,2,0,189.6,21.7,3,0
1,54.8,1,0,1,0,1,78.9,29.2,0,1
1,62.4,0,1,1,3,1,118.8,31.1,2,1
1,2.0,0,0,1,0,0,97.7,31.0,1,0
1,7.0,1,0,1,4,0,50,22.8,2,0
0,32.1,1,1,0,3,1,120.8,25.9,0,0
0,68.1,1,1,1,2,0,50.7,31.2,0,1
0,27.1,0,0,0,2,0,137.6,25.8,0,0
0,65.8,1,0,0,0,1,50,19.5,0,0
1,43.2,0,0,1,0,0,88.6,31.2,1,0
0,4.9,1,0,0,3,0,124.9,38.2,3,1
0,73.5,0,1,1,1,1,139.4,26.1,2,1
0,21.4,1,1,0,3,0,72.4,37.5,1,1
0,2.5,1,0,1,3,1,132.5,37.6,1,0
0,1.4,1,0,0,1,0,155.2,36.5,2,1
0,53.8,0,0,1,0,0,86.1,31.3,2,1
1,12.7,0,1,0,3,0,110.2,28.2,0,0
0,59.8,0,0,1,1,1,50,26.5,1,0
0,76.1,0,1,0,1,0,84.6,27.0,2,1
1,42.2,1,1,0,3,1,76.1,20.6,0,0
1,80.4,0,0,0,1,1,122.3,47.6,0,0
0,1.9,0,1,1,3,1,97.2,26.9,0,0
0,2.4,1,1,0,1,1,117.9,33.1,1,0
0,53.4,0,0,1,1,0,77.3,28.6,3,1
1,30.3,1,0,1,2,0,123.5,33.3,1,1
1,4.6,1,0,1,4,0,92.4,46.4,0,0
0,72.9,1,0,0,1,1,117.1,25.9,3,1
1,61.2,1,1,0,0,0,86.4,33.1,1,1
0,2.8,0,0,0,4,0,128.4,22.6,1,0
1,60.6,0,1,1,0,0,121.8,30.7,2,1
0,46.2,0,1,0,2,0,66.9,32.1,2,1
1,75.7,0,0,0,2,0,119.1,27.0,1,0
0,28.7,0,0,0,4,0,222.5,30.9,3,1
0,13.2,1,0,0,2,1,172.8,26.6,0,0
0,9.4,1,0,1,1,0,138.4,29.9,3,1
0,74.2,1,0,0,4,1,103.1,20.5,3,1
0,64.7,0,0,1,4,1,50,35.0,0,0
0,49.3,1,1,1,4,1,179.2,24.2,2,1
0,1.8,0,0,0,0,1,115.6,29.5,3,0
0,3.3,0,0,1,0,0,75.6,33.8,3,0
0,17.7,1,1,1,4,1,189.4,28.0,3,1
0,77.3,0,1,1,4,0,122.7,32.3,0,1
0,21.6,1,0,0,1,1,79.5,11.6,3,1
1,27.3,0,0,1,4,1,98.9,34.8,3,1
0,65.1,0,1,0,1,1,81.1,30.3,2,1
0,11.9,1,0,0,4,0,89.9,18.5,2,0
1,23.0,1,1,1,4,1,108.8,36.5,3,1
1,25.9,0,1,0,1,0,53.8,28.1,2,0
1,13.6,1,0,0,2,0,93.6,28.4,1,0
0,53.5,0,0,0,0,1,89.6,21.1,1,0
0,32.0,0,1,0,4,1,50,27.2,2,0
0,66.8,0,0,0,1,0,190.6,38.2,2,0
0,18.8,1,1,0,2,1,74.6,35.4,3,1
0,2.4,1,0,1,0,1,76.4,31.2,2,0
0,21.6,0,0,0,1,0,89.3,35.8,1,0
0,36.8,1,0,0,4,0,193.1,23.3,0,0
1,81.7,1,0,1,3,1,133.2,27.5,0,1
0,38.7,0,0,0,4,0,178.3,33.6,0,0
1,73.2,0,1,0,0,1,202.9,17.8,0,1
0,69.5,1,0,0,0,0,127.2,26.8,3,1
1,13.9,1,1,1,2,1,151.8,24.3,3,1
1,33.6,1,1,0,4,0,124.6,33.9,2,1
0,80.4,1,0,1,4,1,147.9,34.7,0,1
0,75.9,0,0,1,4,1,92.7,33.0,1,0
0,17.2,0,0,1,0,1,172.7,44.6,1,0
0,1.8,1,1,1,2,0,129.0,21.3,3,1
1,40.2,1,0,0,3,1,125.2,18.7,2,0
1,67.5,1,1,0,3,0,89.6,35.1,3,1
1,19.8,1,1,1,3,0,93.9,29.0,0,1
1,70.7,0,1,0,0,1,81.7,30.3,1,1
1,17.4,1,0,0,0,0,67.6,20.1,1,0
0,38.8,0,0,1,1,0,66.6,20.7,1,0
1,64.9,1,1,0,3,0,139.6,33.5,0,1
0,17.1,1,0,1,4,1,50,34.1,2,0
0,44.6,1,1,0,1,1,50,24.8,1,1
1,4.4,0,1,0,2,0,70.0,29.9,1,0
0,77.2,0,1,1,0,0,105.0,26.4,2,1
1,72.5,0,0,0,3,0,124.8,28.1,3,0
0,51.6,0,0,1,1,1,243.2,21.3,2,1
1,77.8,1,0,1,3,1,144.9,18.8,3,1
0,75.7,1,1,0,2,0,200.7,27.2,1,1
0,18.9,1,0,1,1,0,93.4,16.5,1,0
0,29.1,0,0,1,3,0,64.3,25.3,3,0
1,53.1,0,1,1,2,0,100.1,23.7,2,1
1,50.3,1,1,0,2,1,71.6,26.6,1,1
1,66.8,1,0,0,1,0,77.6,23.9,3,0
0,72.0,0,1,0,4,1,214.8,40.6,0,1
0,0.1,1,1,0,4,0,112.0,26.6,1,0
1,39.3,1,0,1,4,0,57.9,33.9,3,0
1,34.8,0,1,1,3,0,138.2,30.8,0,0
0,65.0,0,1,0,0,1,124.4,22.9,3,1
0,59.7,1,0,0,0,0,94.1,37.0,0,1
0,58.2,1,1,0,4,0,120.6,38.1,1,1
1,54.4,1,1,1,0,1,71.5,21.2,1,1
1,9.5,0,0,1,2,1,50,33.0,0,0
0,58.6,1,0,1,1,0,50,25.9,0,0
0,0.7,1,0,1,2,0,88.1,23.4,1,0
0,65.8,0,1,1,1,0,68.6,30.7,2,1
0,33.7,0,1,0,4,1,121.9,32.4,0,1
1,38.1,0,1,1,2,1,50,33.2,0,0
1,74.3,1,0,1,0,1,107.6,31.8,3,1
0,33.9,0,0,1,4,0,127.4,41.4,2,1
1,53.9,1,1,0,4,1,99.4,33.1,3,1
1,48.6,1,1,1,0,1,50,25.0,0,1
1,6.3,1,0,1,1,0,77.8,41.6,0,0
1,36.6,1,0,0,1,1,167.1,27.1,3,1
0,57.9,0,1,0,3,1,177.5,31.6,1,1
0,26.0,0,0,1,1,0,194.1,29.0,2,0
0,49.4,1,1,0,2,1,70.6,35.3,3,1
0,3.8,1,1,0,4,1,131.7,24.5,3,1
1,32.8,0,1,0,2,1,94.5,32.1,1,0
1,59.4,1,1,0,3,1,50,28.0,2,1
1,68.1,0,1,1,1,1,129.2,22.2,2,1
0,8.0,0,0,1,1,1,64.5,28.0,1,0
0,39.9,1,0,1,1,1,162.3,36.5,0,0
0,12.9,0,0,0,2,0,158.6,18.0,0,0
1,26.6,0,1,1,0,0,175.5,33.8,0,0
0,59.3,0,0,1,3,0,84.8,25.0,0,0
0,0.6,1,0,0,4,0,91.6,17.7,0,0
0,34.1,1,0,0,2,0,100.1,44.6,0,1
1,15.4,0,1,0,1,0,153.9,25.7,2,0
1,55.6,0,1,0,4,1,123.5,33.1,1,1
1,3.7,0,1,1,4,1,147.9,29.3,3,1
0,32.6,1,0,0,0,1,115.2,28.2,2,1
0,68.4,1,0,1,4,0,50,14.6,2,1
0,40.0,0,1,0,0,0,180.4,28.2,3,1
1,14.3,1,0,1,4,1,95.0,37.6,1,0
1,46.4,1,0,1,4,0,141.7,28.6,3,1
0,43.6,0,0,0,2,0,119.7,23.0,0,0
0,2.3,0,1,0,3,1,50,37.4,1,0
1,9.6,1,0,1,1,0,50,28.0,2,0
0,65.8,0,1,1,3,1,94.0,37.0,1,1
0,47.7,1,1,1,0,1,124.0,25.1,1,1
1,42.3,1,1,1,4,1,116.6,19.4,0,0
0,39.3,1,0,1,0,1,50,16.9,3,1
0,40.9,1,0,0,3,0,53.9,42.2,3,1
0,60.7,0,1,0,4,1,121.4,35.5,1,1
1,4.1,1,0,0,3,1,69.2,24.6,2,0
0,65.8,0,1,1,3,0,95.0,27.3,1,1
0,16.3,1,1,1,3,1,144.2,29.7,2,1
1,22.2,0,1,1,1,1,134.5,31.4,2,0
1,78.4,1,1,0,2,0,50,32.3,0,1
0,42.0,1,0,1,1,1,54.2,30.4,0,1
0,8.2,0,0,0,3,0,69.2,46.2,0,0
0,66.6,0,1,1,2,1,95.2,30.7,1,0
0,35.6,0,0,0,2,1,53.0,21.1,0,0
0,80.4,0,0,1,3,0,89.7,27.9,2,0
1,37.5,0,1,1,4,1,113.9,38.6,3,1
1,3.3,1,0,1,4,0,114.7,30.5,2,0
0,25.4,0,1,0,0,1,53.5,31.1,0,0
0,13.6,0,0,0,2,0,71.1,27.9,1,0
1,75.9,1,1,1,3,1,94.6,22.1,3,1
1,31.2,1,0,1,0,0,136.1,25.4,2,1
1,63.6,0,0,1,2,0,73.3,27.2,2,0
1,66.7,1,0,1,2,1,104.0,29.1,0,1
0,78.9,1,0,1,0,1,104.2,29.9,3,1
0,75.9,1,1,1,1,1,77.4,34.3,0,1
0,43.8,0,1,1,2,0,137.3,17.3,0,1
0,58.1,1,0,1,1,1,88.9,33.9,2,1
0,29.7,0,1,0,2,1,115.6,36.0,3,1
0,35.8,0,1,0,2,0,132.5,12.1,3,1
1,17.7,0,1,1,4,0,143.4,35.9,2,1
1,52.0,0,1,0,3,1,50,30.1,2,0
1,11.2,1,1,1,3,1,121.5,31.3,0,1
0,47.8,0,1,0,4,0,123.1,32.4,2,1
1,39.2,0,1,0,4,1,95.9,25.7,2,1
0,75.2,0,0,1,3,1,50,26.6,0,0
0,15.0,1,1,0,0,1,137.8,24.3,3,1
0,56.7,0,1,1,3,1,156.6,33.7,0,1
0,52.3,1,0,0,3,0,144.1,26.7,1,1
0,4.7,1,1,0,0,1,50,35.5,3,0
0,40.1,0,0,1,2,1,119.3,19.8,0,0
0,5.8,1,1,1,0,1,132.4,27.5,2,1
0,3.4,1,0,0,2,0,218.3,28.1,1,0
1,10.5,0,1,1,3,1,130.8,22.2,0,0
1,3.5,1,1,0,3,0,55.2,29.6,0,0
1,40.1,0,1,0,3,1,50,31.3,3,0
0,58.3,0,0,1,3,1,72.0,27.9,0,0
1,59.0,0,1,0,2,1,108.9,21.5,0,1
0,79.8,0,1,1,3,1,91.7,23.9,1,1
1,53.0,0,1,1,3,1,50,27.3,1,0
0,54.5,1,0,0,3,0,162.6,23.0,2,1
0,56.0,1,1,1,2,1,115.5,24.2,1,1
0,46.0,1,1,1,4,0,140.5,26.0,1,1
1,39.9,0,1,0,3,1,141.5,35.8,3,1
1,25.8,0,0,1,2,0,172.8,31.1,1,0
0,21.4,0,0,0,4,0,78.0,21.4,1,0
1,67.6,0,1,0,3,0,122.4,20.2,1,1
1,22.3,0,1,1,2,0,152.8,29.6,1,1
1,15.3,1,1,0,2,0,138.8,34.5,1,0
0,33.7,0,0,0,1,0,159.7,36.2,3,1
0,19.9,1,1,0,3,1,50,30.7,3,0
0,33.2,0,0,0,3,0,50,21.5,0,0
1,47.2,1,0,1,1,1,82.2,38.9,3,1
0,71.9,0,1,1,0,0,98.6,21.0,3,1
0,77.9,0,0,0,2,1,102.4,27.7,3,1
1,61.4,1,1,1,0,0,113.2,30.1,3,1
0,61.7,0,1,0,3,0,103.3,16.7,3,1
1,7.3,0,0,0,2,1,50,27.2,0,0
0,16.1,1,1,1,1,0,50,33.1,3,0
0,29.3,1,0,0,1,1,203.8,31.4,0,1
0,68.1,1,1,1,1,1,115.8,27.4,1,1
0,1.8,0,0,1,3,0,65.2,16.2,0,0
0,65.8,0,0,0,3,1,68.0,24.2,0,0
1,19.9,0,1,0,3,1,108.0,25.2,1,0
1,17.5,0,1,1,1,0,134.4,22.8,2,0
0,8.7,0,1,0,4,1,125.8,27.0,2,0
1,20.5,0,0,0,4,0,78.6,21.2,1,0
0,29.8,0,0,1,0,1,51.9,27.6,3,0
0,56.5,1,0,0,2,0,150.1,31.3,2,1
1,56.2,1,1,0,3,1,156.6,27.0,3,1
1,62.1,0,1,1,3,0,122.3,27.2,0,0
0,78.3,1,0,1,2,1,124.1,23.7,3,1
1,18.7,1,0,0,2,0,107.3,28.4,1,0
1,5.3,0,0,1,0,0,170.5,43.3,3,0
0,10.3,1,1,0,4,0,72.6,24.1,3,0
0,27.6,0,0,1,3,1,64.0,11.7,2,0
1,52.9,0,0,0,0,0,133.5,33.4,2,0
0,22.0,0,0,1,3,1,131.0,33.2,1,0
0,3.1,0,1,0,4,1,80.7,29.5,2,1
0,5.5,1,0,0,0,0,159.9,34.5,2,0
1,41.0,0,0,1,2,1,53.8,27.5,1,0
0,39.7,0,1,1,2,1,102.5,34.0,3,0
1,24.6,0,1,1,2,1,179.8,28.0,1,1
1,27.1,0,1,1,1,1,140.3,21.0,1,0
0,67.2,1,0,0,2,1,97.4,33.0,1,1
0,56.0,0,0,1,3,0,50,27.7,2,0
1,76.3,0,0,1,0,1,161.3,25.6,0,0
1,81.3,0,1,0,1,0,168.2,24.4,2,1
0,9.9,0,0,1,4,1,183.1,35.3,2,0
1,7.9,1,1,0,2,0,92.5,30.9,1,1
0,8.8,1,1,0,2,1,129.6,43.8,1,1
0,43.6,1,0,0,2,1,78.3,30.1,2,0
0,57.1,1,0,1,1,1,119.4,30.6,2,1
0,58.9,0,1,0,0,1,242.1,22.8,1,1
0,47.5,0,1,1,0,1,189.6,26.1,1,1
1,73.7,0,0,1,0,0,139.5,25.0,0,0
1,69.4,1,0,1,0,1,138.4,22.8,2,1
0,62.7,1,0,0,0,0,173.1,22.6,3,1
1,60.2,1,0,1,4,1,154.9,32.6,0,1
0,27.4,1,1,0,4,1,120.8,26.0,1,1
1,45.3,1,1,0,3,1,50,26.7,2,1
0,46.8,0,1,0,0,1,140.0,19.5,1,0
1,9.3,0,0,1,2,0,140.8,21.4,2,0
1,75.1,1,1,1,1,0,108.1,27.6,0,1
0,56.5,1,0,0,3,1,77.1,31.8,0,0
1,45.2,1,1,1,2,0,98.3,31.0,2,1
1,4.5,1,1,1,2,0,130.5,34.2,1,0
0,79.3,0,0,0,4,1,99.7,37.3,0,0
0,41.6,1,0,0,3,0,113.3,23.2,2,0
0,22.4,0,0,0,2,1,50,31.4,2,0
0,28.4,0,1,0,3,1,93.7,33.7,0,1
0,49.2,0,1,1,4,0,123.0,30.6,0,1
0,3.0,0,1,1,4,1,50,23.8,3,0
1,32.3,1,0,1,2,1,130.5,27.7,2,1
0,38.8,0,1,1,3,1,153.2,28.6,1,1
0,30.7,0,1,0,1,1,102.5,42.0,1,1
1,39.7,0,0,1,3,1,116.3,26.3,2,0
1,50.4,1,1,0,4,0,94.2,29.2,1,1
1,78.4,1,1,0,0,0,135.8,30.2,1,1
0,32.1,0,1,0,3,0,122.5,35.2,1,1
0,27.4,1,0,1,0,1,167.0,30.3,0,0
0,55.5,1,0,0,0,0,72.8,24.7,0,1
1,67.4,1,0,0,1,1,128.9,21.9,1,1
0,78.4,1,0,0,1,1,144.5,17.7,1,1
0,12.5,0,1,0,3,0,145.7,36.7,0,0
1,35.3,1,1,1,3,1,132.3,19.4,3,1
1,0.9,0,0,1,3,1,50,37.8,3,0
0,72.8,0,0,1,2,1,73.8,20.6,3,0
1,16.4,1,0,1,1,1,50,29.2,2,0
1,6.3,1,0,0,1,0,86.5,37.1,1,1
0,29.7,0,0,1,1,0,82.4,20.7,2,0
1,31.7,1,1,0,2,1,87.9,37.0,1,1
1,43.9,0,1,1,0,0,50,24.3,0,0
1,44.2,0,1,0,3,1,124.6,42.8,3,1
0,62.9,1,0,1,3,1,185.3,17.5,3,1
1,17.9,1,1,0,2,0,156.6,29.8,3,1
1,81.1,0,1,0,4,1,82.1,21.8,0,1
1,55.5,0,1,0,0,1,126.4,42.8,2,1
0,53.5,1,1,0,3,0,82.5,40.9,1,1
1,68.2,1,0,1,4,1,158.0,28.1,2,1
0,3.6,1,1,1,3,0,50,28.6,2,0
1,12.5,1,1,0,3,0,110.4,29.2,0,1
0,8.6,1,1,0,2,0,59.9,33.3,1,0
1,34.9,0,0,0,3,1,124.7,29.9,1,0
1,62.4,0,0,1,1,0,121.2,17.5,2,0
1,64.3,0,0,0,1,0,144.1,20.1,2,1
1,56.7,1,0,1,3,1,50,18.8,2,1
1,34.7,1,0,1,4,1,79.7,46.4,0,1
0,74.9,0,0,1,2,0,98.0,30.6,0,0
1,51.4,1,1,1,4,0,160.6,33.0,0,1
0,76.4,1,1,0,1,1,173.2,33.0,0,1
0,39.2,1,1,1,4,1,97.4,24.8,2,1
1,55.5,1,1,1,0,0,125.1,19.8,1,1
1,4.7,0,1,0,0,0,50,15.1,1,0
0,19.6,0,1,0,3,1,144.0,28.6,2,1
1,25.7,0,1,0,1,0,145.2,14.1,0,0
1,43.0,0,1,0,0,1,50,29.9,0,0
1,67.5,1,0,1,2,1,114.2,32.1,0,1
1,24.0,1,0,1,1,1,188.5,21.4,2,1
0,63.6,1,1,1,1,1,175.8,26.7,0,1
1,72.4,1,1,1,2,1,83.5,35.2,2,1
0,33.1,1,0,0,0,0,105.2,35.0,0,0
0,0.6,1,1,1,4,1,118.5,29.5,2,1
1,38.2,1,0,0,2,1,50,14.8,2,0
1,9.1,1,0,1,1,1,88.9,26.9,3,0
0,24.4,0,0,1,3,0,111.1,31.2,2,0
0,56.2,1,0,1,2,0,167.9,29.1,0,1
1,32.7,0,1,1,0,1,106.2,35.0,3,1
1,34.1,0,1,1,2,1,120.7,29.3,0,0
0,60.1,1,0,0,3,1,119.5,36.9,0,0
1,81.2,1,1,1,1,0,50,26.0,3,1
1,76.1,1,1,1,1,1,156.6,33.2,2,1
1,60.3,1,1,1,3,0,50,22.3,2,1
1,79.5,0,0,0,1,1,74.2,32.0,2,1
0,8.7,0,0,0,3,1,101.4,42.1,1,0
0,78.8,1,1,0,3,0,144.9,35.3,1,1
1,20.8,1,0,1,3,0,102.5,35.2,0,0
1,4.5,0,1,1,1,1,150.1,25.6,0,0
1,29.7,1,0,1,0,1,50,32.4,1,0
1,41.5,1,1,0,4,0,155.1,31.7,3,1
1,5.1,1,1,1,1,1,66.1,21.9,1,0
0,27.1,1,1,1,1,1,149.9,24.1,2,1
1,69.3,0,0,0,4,1,96.5,28.9,2,0
1,53.5,0,1,1,4,0,84.6,32.1,0,0
0,3.1,0,1,1,2,1,208.9,26.4,2,0
0,21.0,1,0,0,0,0,65.4,33.4,0,0
1,75.0,0,1,0,3,1,128.8,33.9,2,1
0,41.2,1,1,1,0,1,138.4,22.1,3,1
0,5.8,0,0,0,0,0,88.2,29.0,2,0
1,12.1,0,0,1,3,1,137.4,20.5,3,0
1,18.8,1,1,1,3,1,176.1,22.9,0,1
0,78.8,1,0,0,0,1,77.4,39.5,2,1
1,22.4,1,0,0,3,0,50,41.6,1,0
1,44.6,1,1,0,4,1,109.7,36.8,2,1
1,52.4,0,1,0,1,0,136.9,25.3,1,1
1,44.2,0,1,1,1,0,95.5,27.2,3,1
1,66.1,0,0,0,3,1,108.9,22.3,2,0
1,22.4,0,1,1,3,1,158.7,18.2,0,0
0,11.6,0,1,0,1,1,181.4,26.7,3,0
0,8.4,1,0,1,4,0,119.7,30.4,0,0
0,69.0,1,0,1,3,0,109.9,15.8,2,1
1,58.5,1,0,0,1,1,91.0,36.1,3,1
1,29.0,0,0,0,4,0,62.2,33.0,1,0
1,2.5,1,0,1,3,1,66.4,28.3,3,0
1,17.0,1,1,1,2,0,62.0,32.2,1,1
1,30.3,1,0,0,0,0,50,31.8,0,0
0,11.6,0,0,1,3,1,50,25.6,3,0
1,66.6,0,0,1,4,1,55.0,30.0,2,0
1,67.6,1,0,0,3,1,87.2,26.9,2,1
0,2.9,1,1,0,2,1,164.4,33.3,2,1
1,70.5,0,1,1,1,0,118.4,38.0,1,1
1,26.6,1,0,1,1,0,94.8,27.6,0,0
0,29.8,0,1,1,3,1,205.5,24.4,0,0
0,20.6,0,1,1,3,1,114.8,34.1,1,0
1,68.7,1,0,0,4,1,130.8,21.9,1,1
0,72.1,1,0,0,1,0,83.2,32.6,0,1
0,29.2,0,0,0,4,0,50,17.6,0,0
1,27.9,1,1,1,1,1,53.8,29.7,2,1
0,47.2,1,0,0,4,1,119.6,41.2,2,1
0,25.9,1,0,1,3,1,50,11.6,3,0
0,12.1,1,0,0,3,0,72.2,22.5,1,0
1,59.2,1,1,0,3,0,107.7,31.5,1,1
1,31.6,1,0,1,0,0,57.5,29.3,2,1
1,37.5,0,0,0,3,0,137.7,19.0,2,0
0,61.7,0,1,1,3,1,182.3,42.6,3,1
0,38.0,1,1,0,0,1,225.1,22.0,1,1
0,21.2,0,1,0,1,0,106.7,34.0,2,0
1,63.5,0,0,0,3,1,77.2,24.1,0,0
0,3.3,0,0,1,2,1,102.8,29.7,3,0
1,66.0,1,1,1,0,0,157.8,18.4,3,1
1,72.3,1,0,1,1,1,75.1,30.7,3,1
0,22.5,1,1,1,1,0,135.0,29.0,2,1
1,80.1,1,0,0,1,0,133.0,32.5,0,1
0,16.9,1,1,1,0,1,50,10.8,3,1
0,32.7,1,1,1,0,1,75.3,34.7,3,1
1,76.0,0,1,1,1,1,104.0,35.8,0,1
1,32.7,1,1,1,3,1,163.0,33.0,1,1
0,58.9,0,0,0,4,1,74.0,35.3,0,0
1,23.4,1,1,1,0,1,104.6,25.8,0,1
1,68.2,0,1,1,0,1,136.8,50.1,3,1
0,66.5,0,0,0,1,1,103.2,19.8,1,0
1,64.7,0,1,1,3,0,50,43.7,2,1
0,6.5,0,0,1,0,0,75.9,39.9,1,0
1,63.3,1,1,1,3,0,160.8,33.0,0,1
1,62.0,0,1,0,0,0,77.0,43.6,1,0
1,58.3,0,1,0,4,0,95.7,24.9,2,1
0,1.3,0,0,0,1,0,120.8,22.5,3,0
0,36.4,0,0,1,1,0,180.1,26.3,1,0
1,5.9,0,1,1,0,0,157.6,21.0,0,0
0,50.6,0,1,1,4,1,148.3,22.6,0,1
1,60.4,1,1,1,2,1,249.8,26.4,0,1
0,19.0,1,1,1,3,0,159.9,35.8,1,1
0,75.4,0,0,1,0,0,109.6,26.3,0,0
1,41.4,0,1,1,2,0,59.4,28.4,2,0
0,44.9,0,1,1,0,1,87.6,18.7,3,1
0,52.8,1,1,0,0,1,62.8,29.7,3,1
0,14.3,1,1,1,3,1,162.3,36.3,3,1
0,35.5,0,1,0,3,1,118.3,35.3,0,0
0,39.3,0,1,0,0,1,117.7,24.2,1,0
0,0.9,0,1,0,2,0,91.1,27.4,1,0
1,34.6,1,0,1,0,1,55.0,17.0,0,0
0,57.3,0,1,1,4,0,98.7,31.9,3,1
1,10.7,0,0,0,1,0,197.8,21.6,0,0
1,6.4,0,1,1,0,1,81.2,39.3,2,0
1,81.9,0,0,0,1,1,117.6,36.2,1,1
1,50.7,0,1,0,3,0,131.8,22.1,0,0
0,26.4,1,1,0,2,0,117.9,38.3,3,1
1,67.5,0,1,1,1,0,99.2,44.2,1,1
0,44.7,0,0,0,4,1,50,22.3,1,0
1,38.1,0,1,1,0,0,128.1,14.1,2,0
1,44.8,0,0,0,4,0,76.6,25.9,2,0
0,6.1,1,1,1,4,1,135.2,28.6,3,1
0,56.0,0,1,0,2,1,50,25.5,0,0
0,5.1,1,1,0,2,0,50,36.0,3,0
1,26.0,0,0,1,1,1,125.5,37.3,1,0
0,74.5,1,1,0,0,1,132.3,31.6,1,1
0,48.9,0,0,0,4,1,157.1,18.6,2,0
0,64.4,0,1,1,1,0,157.1,27.1,0,0
1,80.0,1,1,1,1,1,83.4,32.2,3,1
0,57.1,1,0,1,3,0,50,30.4,0,1
0,22.0,0,1,0,4,0,78.7,34.6,0,0
0,46.8,0,1,1,2,0,138.7,27.1,2,1
0,7.9,1,0,1,1,0,76.8,24.3,3,1
0,19.5,1,0,1,2,1,67.7,31.4,0,0
0,63.8,1,0,0,3,1,105.8,22.9,0,1
1,52.9,1,1,0,2,1,91.9,28.9,3,1
0,64.3,0,1,1,2,1,132.6,42.9,1,1
0,55.8,1,0,1,2,1,94.3,21.4,0,1
1,31.7,1,1,1,0,0,127.0,25.0,3,1
1,70.0,0,1,1,0,0,59.4,42.8,2,1
1,78.5,1,1,0,0,1,110.2,40.9,3,1
0,74.4,0,1,1,4,0,50,28.9,1,0
0,14.6,0,0,0,3,1,50,32.2,3,0
1,21.1,1,1,0,0,1,97.5,35.0,3,1
0,34.4,1,1,0,2,0,174.0,26.3,0,1
0,32.9,0,1,0,4,0,93.6,32.0,0,0
1,18.5,0,0,1,1,1,55.5,32.8,0,0
0,44.3,0,1,0,1,0,63.2,23.6,3,0
0,8.2,1,1,0,3,0,74.7,23.5,0,1
1,32.2,0,0,0,0,0,140.2,10,3,0
1,9.5,0,1,0,1,0,161.0,34.5,0,0
1,22.3,1,1,1,4,0,145.9,26.6,0,1
0,68.5,0,1,1,2,0,125.6,32.0,1,1
0,19.5,0,1,0,4,1,120.3,38.7,3,1
1,78.6,1,0,1,0,0,138.7,26.6,3,1
0,49.8,1,0,0,2,0,98.6,14.5,0,0
0,6.4,0,0,0,2,0,55.6,28.4,1,0
0,37.5,0,0,1,2,0,50,31.3,3,0
0,16.5,1,0,1,4,0,118.7,27.4,0,0
1,57.5,1,1,1,2,0,121.1,36.9,2,1
1,47.5,0,0,0,4,1,123.4,32.1,3,1
1,8.1,0,0,1,0,1,130.8,31.4,1,0
0,40.3,1,0,0,3,1,94.6,30.5,0,0
0,41.5,1,1,0,0,1,94.0,31.6,0,1
0,8.2,0,1,0,3,1,122.0,36.1,2,1
0,29.8,1,0,1,1,1,136.9,34.2,0,1
0,61.1,1,1,0,1,0,137.2,42.6,0,1
0,50.0,0,0,1,1,0,212.5,28.1,0,0
1,77.3,0,1,0,4,1,126.6,34.3,2,1
1,77.0,1,0,0,3,1,117.8,25.8,2,1
1,32.9,1,0,0,4,1,105.6,20.3,3,0
1,20.6,0,0,1,3,0,106.3,25.2,2,0
1,36.9,0,0,0,4,0,137.4,26.7,0,0
1,35.1,0,1,0,0,0,80.7,29.2,0,0
1,66.2,1,0,1,2,0,71.1,36.7,1,1
0,71.7,1,0,0,0,0,70.5,36.9,2,1
0,73.0,0,1,0,0,0,65.0,32.1,1,0
1,10.5,1,1,0,4,0,121.4,25.5,0,0
1,33.3,0,0,1,1,1,195.8,23.4,0,0
0,34.7,0,1,1,3,0,50,38.1,3,1
0,81.0,1,1,0,2,1,130.2,16.3,0,1
1,70.7,0,1,0,1,1,200.3,33.9,1,1
0,48.1,1,0,0,4,0,62.6,25.9,0,1
0,58.7,0,1,0,3,0,66.1,34.5,3,1
1,2.7,0,0,1,0,1,100.6,21.3,2,0
1,43.9,0,1,0,2,1,84.8,24.4,3,1
1,10.6,0,0,0,1,1,71.4,34.7,3,0
1,30.7,0,1,0,2,0,116.7,22.8,3,1
1,71.3,1,1,1,4,0,112.3,35.2,3,1
0,72.5,0,1,0,3,0,78.6,22.9,1,1
1,6.4,1,1,1,4,1,88.5,29.0,0,1
1,5.4,1,1,0,0,0,133.5,32.5,2,1
0,35.2,0,1,0,0,0,96.4,28.3,2,0
1,63.1,1,1,1,1,1,79.2,17.9,3,1
0,12.7,1,0,0,1,0,169.4,41.7,3,1
1,25.2,0,0,1,2,1,82.4,34.5,1,0
0,32.8,0,1,1,1,1,109.5,32.8,1,0
0,78.8,0,1,0,3,1,50,22.6,1,1
0,68.9,0,1,1,1,1,75.6,30.4,3,1
0,80.6,0,1,0,1,0,50,15.3,3,1
0,11.5,0,0,0,0,0,161.0,35.1,1,0
1,53.8,0,0,0,3,0,172.3,37.7,1,0
0,30.4,0,0,0,4,1,150.9,32.3,3,0
0,27.3,0,0,0,0,1,126.9,27.0,2,0
1,68.8,0,0,1,3,0,50,35.4,1,0
1,36.2,0,1,1,3,1,50,17.1,1,0
0,11.4,1,1,0,1,0,164.8,27.3,3,1
0,16.4,0,0,0,2,0,129.0,39.3,1,0
0,32.8,1,1,1,1,1,55.3,27.3,2,0
1,38.5,0,0,0,1,1,129.2,23.9,1,0
1,3.1,0,1,0,4,0,66.6,23.2,1,0
1,27.7,0,1,0,3,1,81.8,25.6,0,0
1,16.0,1,0,0,4,1,69.8,35.9,1,0
0,13.6,0,1,1,0,1,176.3,24.5,2,0
0,12.0,1,0,1,2,1,106.2,29.9,0,0
1,20.7,0,0,1,0,1,149.3,32.8,3,1
0,70.9,1,0,1,1,0,202.5,19.6,1,1
1,14.9,1,1,1,2,1,168.5,22.0,3,1
0,23.1,1,1,0,1,0,51.6,34.3,3,1
0,6.4,1,0,1,0,0,125.5,31.6,1,1
0,35.5,0,0,1,0,0,162.4,23.6,1,0
1,72.2,0,0,1,4,1,91.1,34.7,2,0
1,35.4,1,1,0,0,0,88.2,45.4,2,1
1,44.0,1,0,0,3,1,90.4,38.0,0,1
0,65.8,1,1,0,0,0,84.3,35.2,2,1
0,50.6,0,0,1,3,0,61.3,33.6,2,0
0,22.1,0,0,0,0,0,50,20.1,1,0
1,54.8,1,1,0,2,1,50,16.3,3,1
1,6.7,1,0,0,3,0,50,26.1,1,0
0,35.0,0,1,1,2,1,97.3,24.6,3,0
0,61.3,0,0,1,0,0,196.3,25.2,0,0
0,16.1,0,0,1,3,0,105.0,27.1,1,0
1,65.2,1,0,1,1,0,50,28.8,3,0
1,22.4,0,1,0,3,1,68.7,26.3,2,0
1,13.2,0,0,1,3,1,50.9,35.4,2,0
0,34.7,1,0,0,2,0,50,36.4,0,0
1,33.0,0,0,0,1,0,82.7,29.0,3,0
0,42.9,1,1,0,3,0,150.0,16.6,3,1
1,17.5,0,0,1,2,1,111.7,35.5,2,0
0,20.2,0,0,0,4,1,66.3,32.7,2,0
0,63.4,0,1,0,4,1,75.3,42.4,2,1
1,27.5,0,1,1,3,1,50,23.1,1,0
0,40.8,0,0,1,2,0,91.3,19.1,3,0
1,65.6,0,0,1,4,1,124.7,25.2,2,1
1,20.7,0,0,0,0,0,50,32.2,1,0
1,75.9,0,1,1,3,1,116.8,41.9,0,1
0,63.1,0,0,0,2,1,102.6,35.7,2,1
1,38.9,0,1,0,4,1,105.0,32.7,2,1
0,71.1,1,0,1,1,0,119.9,27.2,3,1
0,29.5,1,0,1,2,0,52.6,30.3,1,0
1,3.7,1,1,0,0,1,87.8,34.3,2,0
0,6.4,0,1,0,0,0,50,26.9,3,0
0,79.3,0,0,0,2,1,50,37.1,3,1
1,75.1,0,1,0,4,1,85.2,19.3,2,1
1,32.9,1,0,1,0,0,108.8,17.1,3,1
1,11.9,0,1,1,4,0,127.7,35.7,1,0
1,59.5,1,1,1,1,1,61.0,33.0,3,1
0,57.3,0,0,1,0,0,164.5,28.1,2,0
0,50.1,0,1,1,1,1,84.2,10,0,0
0,46.9,0,0,1,0,1,62.0,42.4,3,0
1,27.9,1,1,1,3,0,76.4,28.4,3,1
1,7.6,0,1,1,3,1,62.4,28.6,1,0
0,60.5,0,0,0,0,1,56.6,35.0,0,0
1,77.8,0,0,1,1,1,107.5,28.2,0,0
0,32.2,0,0,1,2,0,219.4,21.4,0,0
1,17.5,1,1,0,4,0,97.9,31.0,0,1
1,33.5,0,0,0,2,0,72.1,21.0,1,0
1,6.2,0,1,1,3,0,100.3,23.8,2,0
0,81.5,0,1,0,3,0,162.0,31.4,0,1
0,67.8,0,1,0,0,1,107.0,24.7,1,1
1,45.9,0,0,1,3,0,116.0,31.4,3,0
1,44.9,1,1,1,2,1,59.8,11.1,0,0
1,72.8,1,0,0,0,0,50,21.6,0,0
1,25.5,1,0,1,0,0,59.2,39.0,3,1
1,36.5,0,1,1,4,0,144.7,19.7,3,0
0,71.0,1,1,1,2,0,149.3,27.5,3,1
0,35.3,0,1,0,3,1,50,42.5,2,1
0,25.2,1,0,1,3,0,83.5,21.0,3,0
1,74.7,1,1,0,3,0,145.1,32.2,0,1
0,5.4,0,0,1,4,1,85.5,40.1,1,0
1,50.9,1,0,1,3,1,77.5,26.0,3,1
1,77.1,1,1,1,0,0,56.5,33.1,3,1
0,64.8,1,1,1,0,1,135.4,36.9,1,1
1,75.2,0,0,1,0,0,181.1,33.0,2,1
1,67.5,0,1,0,3,1,124.1,26.1,0,1
0,74.2,0,1,1,0,0,144.3,46.2,2,1
0,59.3,0,1,0,1,1,118.8,35.8,3,1
1,62.4,0,1,0,1,0,141.7,26.5,1,1
1,11.9,1,1,1,2,1,98.8,26.3,2,1
1,23.2,1,1,1,3,1,122.8,28.9,3,1
0,64.9,0,0,1,1,0,151.8,25.8,1,0
1,78.9,1,1,1,0,0,133.9,36.8,3,1
1,63.4,1,1,0,0,0,120.8,32.1,0,1
1,77.3,1,0,0,4,1,128.2,21.0,2,1
1,24.0,0,0,0,4,1,99.7,14.4,3,0
0,79.8,0,0,0,2,1,145.3,24.3,2,1
1,65.6,1,0,1,2,1,103.6,32.1,1,1
0,40.4,1,0,1,3,0,144.6,39.3,3,1
1,73.6,1,0,1,0,1,149.2,32.0,3,1
0,41.6,0,1,1,3,0,58.9,21.2,0,0
0,81.7,0,1,1,4,0,126.7,39.0,3,1
0,74.5,0,0,0,1,1,93.8,27.0,3,1
0,81.1,1,0,0,3,0,105.4,34.8,1,1
1,46.4,1,1,1,4,0,76.9,20.5,3,1
0,60.9,0,0,0,4,0,219.4,24.1,0,0
0,76.4,1,1,0,2,0,114.8,31.9,2,1
0,57.4,1,0,1,2,0,176.2,30.0,3,1
0,13.4,1,0,0,4,1,98.5,33.0,0,0
1,49.3,0,1,1,4,1,130.5,26.2,0,0
0,31.8,1,1,1,4,0,177.1,17.8,3,1
1,44.9,0,0,1,4,1,161.0,25.1,3,0
1,1.4,0,0,0,4,0,162.6,39.9,0,0
0,10.3,0,1,0,3,1,108.7,24.1,0,0
0,66.6,1,1,1,0,1,75.4,14.7,1,1
1,1.6,0,0,0,2,0,120.2,37.5,1,0
1,8.6,0,0,0,3,1,50,27.5,3,0
1,56.1,1,1,1,0,1,159.2,25.1,2,1
1,40.2,1,1,0,2,1,105.9,27.0,0,1
1,39.0,1,0,1,2,1,87.6,26.1,1,0
0,5.1,0,1,0,3,0,121.1,42.9,0,0
1,16.7,0,1,1,3,0,209.2,28.7,3,1
0,49.0,0,1,0,0,1,143.4,20.1,1,1
1,67.6,1,0,0,1,0,185.7,26.5,3,1
0,44.1,1,0,1,4,0,67.2,27.7,0,1
1,64.7,1,1,1,0,1,50,28.3,3,1
0,38.3,0,0,1,4,1,52.2,35.9,1,0
0,35.0,1,0,1,2,0,78.2,29.9,1,0
0,12.4,1,0,1,4,1,156.2,26.5,3,0
1,46.2,1,0,1,4,1,115.3,38.8,0,1
1,18.7,0,1,1,0,0,144.2,29.5,3,0
0,41.6,1,1,0,4,0,164.9,35.3,1,1
1,44.1,1,1,0,3,1,114.7,33.4,2,1
1,55.3,0,1,1,2,0,107.6,30.2,3,1
1,17.6,0,1,0,0,1,84.1,28.8,3,1
0,70.7,0,0,0,2,0,50,25.3,3,0
1,8.9,1,0,1,4,1,50,26.7,0,0
0,67.4,1,0,0,2,0,135.4,20.0,2,1
0,41.5,0,0,1,2,1,141.4,23.7,3,0
0,39.0,0,1,0,1,0,131.2,29.8,1,1
1,29.5,1,1,0,4,0,50,24.1,2,0
1,17.6,1,0,0,1,0,60.5,33.5,0,0
1,25.5,1,1,0,4,0,90.0,27.4,2,1
0,80.6,0,1,1,3,1,99.4,33.5,0,1
0,78.2,1,1,0,4,0,137.4,33.8,0,1
0,4.3,0,1,0,0,1,94.6,25.8,2,0
1,15.4,1,1,0,4,1,101.5,33.3,0,0
1,21.8,1,1,1,3,0,178.5,37.7,2,1
1,8.7,0,1,1,0,1,160.3,26.1,0,0
0,42.4,1,1,0,4,0,50,18.7,3,1
1,55.3,0,0,0,1,0,125.1,25.3,3,0
1,62.8,0,0,1,1,1,98.4,29.0,2,0
1,51.9,1,1,0,1,1,50,31.6,3,1
0,71.3,0,1,1,3,1,55.3,25.5,3,1
0,76.8,1,1,0,4,1,123.8,24.7,0,1
1,65.0,1,1,1,3,0,134.7,33.3,2,1
1,46.2,0,1,0,3,0,139.4,22.3,3,0
1,46.1,0,1,0,3,1,95.8,34.5,1,1
0,1.3,0,0,0,0,1,114.5,41.0,2,0
0,25.6,0,1,0,1,1,83.5,37.3,2,0
0,50.2,1,1,1,2,1,146.0,12.2,1,1
0,9.4,0,0,0,3,0,135.4,26.1,1,0
0,33.1,0,0,1,0,0,147.3,33.0,3,0
1,44.2,1,0,1,3,1,50,23.6,0,0
1,75.8,1,1,1,4,0,101.9,24.1,0,1
0,56.1,1,0,1,4,1,133.2,15.0,0,0
1,56.9,0,0,1,1,1,155.6,34.7,0,1
0,79.7,0,0,1,3,1,94.6,29.4,0,1
0,40.8,1,0,0,4,0,88.3,33.0,3,1
0,80.2,1,0,1,3,0,184.1,33.7,1,1
0,62.9,0,1,1,2,0,162.9,29.2,0,1
1,45.1,0,1,0,4,1,51.5,37.1,1,1
0,15.2,1,1,0,3,0,194.7,27.6,0,1
0,53.8,0,0,1,3,0,50,17.9,2,0
1,73.8,0,1,1,1,1,57.4,30.2,0,1
0,25.7,0,1,0,0,1,50,47.1,3,0
1,42.6,1,1,1,2,1,87.1,28.3,0,0
1,77.2,0,0,1,0,1,123.2,21.7,3,0
0,53.0,1,0,0,0,1,125.1,25.3,1,1
0,44.9,1,0,0,4,0,59.0,24.9,1,0
0,6.6,1,0,1,2,0,124.4,27.1,3,0
0,38.9,1,1,0,0,1,221.9,44.8,3,1
0,34.5,0,1,1,0,1,50,34.2,2,1
0,29.4,1,0,1,4,0,132.8,24.7,2,1
1,51.4,0,0,1,1,1,141.3,25.3,2,0
1,18.9,1,0,1,2,0,142.9,28.6,3,1
1,7.4,0,1,1,4,0,157.4,14.3,2,0
0,41.1,1,1,1,4,1,215.2,27.9,0,1
0,39.3,1,0,1,1,1,106.4,28.4,2,1
1,72.8,1,1,1,0,1,148.4,25.7,3,1
0,16.3,0,1,1,2,0,50,26.2,2,0
1,40.0,1,1,0,0,0,182.5,22.6,3,1
1,71.0,1,1,0,1,0,116.9,25.3,3,1
0,52.8,1,0,0,1,1,136.8,35.9,3,1
0,36.3,1,0,1,3,0,118.6,33.3,3,1
1,69.8,0,0,0,3,1,142.1,19.0,0,0
1,7.7,1,0,0,3,1,50,25.4,0,0
1,13.3,0,0,1,2,0,115.6,25.7,0,0
1,12.4,1,0,0,3,1,133.1,31.1,1,1
1,15.2,1,1,0,3,0,50,24.6,3,1
0,67.8,0,1,1,3,0,144.7,19.1,1,1
1,37.0,0,0,0,0,0,140.9,10.8,1,0
1,67.3,1,1,0,3,0,50,29.0,2,1
0,15.5,1,0,1,2,0,86.3,33.4,2,1
1,60.1,1,1,0,2,1,50,26.0,1,1
1,0.5,1,0,1,3,1,50,27.7,2,0
1,0.8,0,1,0,3,0,50,25.8,0,0
1,35.9,0,1,1,0,1,153.9,34.7,3,1
1,64.4,1,1,1,1,0,107.6,40.0,1,1
0,56.9,1,0,1,2,1,173.1,33.1,0,1
0,40.2,0,0,1,2,0,130.1,28.5,1,0
1,13.9,1,0,0,3,1,119.6,22.1,1,0
0,63.8,1,1,0,0,0,127.8,27.1,3,1
1,37.6,1,0,0,0,0,125.7,20.2,3,0
1,44.5,0,1,1,3,1,95.5,22.0,0,0
0,31.7,0,0,1,0,1,144.9,23.6,3,0
0,18.6,0,1,0,3,1,85.0,34.4,3,0
0,73.6,0,1,0,1,1,97.7,26.7,0,1
0,73.3,0,0,0,0,1,165.5,29.1,0,0
1,78.4,1,0,0,1,0,52.3,16.3,0,1
0,18.4,0,1,0,3,0,61.5,34.7,1,0
1,18.8,1,1,0,0,0,50,30.7,3,1
0,10.2,1,1,1,3,1,50,27.7,1,0
0,1.3,0,0,0,4,1,76.2,34.1,2,0
0,2.1,0,1,0,1,1,62.9,37.1,2,0
1,40.1,1,0,0,3,1,50,31.5,2,0
1,0.3,1,1,0,4,1,221.4,29.0,0,1
0,64.9,0,1,0,2,0,52.4,25.8,1,1
1,67.3,0,0,1,3,1,111.9,22.8,3,0
0,63.7,0,0,1,1,1,50,39.8,2,1
0,22.4,0,1,0,4,1,96.4,30.9,3,1
0,30.3,0,1,0,4,1,117.6,24.8,1,0
0,72.3,0,1,1,1,1,139.6,15.4,1,1
1,26.6,0,0,0,0,1,206.7,19.6,3,0
1,81.4,1,0,0,2,0,129.5,34.6,0,1
0,41.8,0,0,1,2,0,159.0,33.0,2,1
0,14.0,0,0,1,4,1,176.9,23.6,1,0
0,63.2,1,0,1,3,0,126.8,16.7,2,1
1,2.8,1,1,0,0,1,135.5,36.5,1,1
1,30.8,1,1,1,1,1,86.5,27.1,3,1
1,75.2,0,0,0,1,0,82.3,28.7,3,0
1,1.1,0,0,1,1,0,64.1,21.1,0,0
0,19.4,0,0,0,1,0,140.6,21.8,0,0
1,38.8,1,0,1,2,0,120.4,27.8,3,1
1,28.9,0,1,1,0,1,55.8,25.7,0,0
0,64.7,0,0,0,0,0,80.3,29.4,1,0
1,63.1,0,0,0,1,1,107.4,37.9,2,0
1,47.2,0,1,1,4,0,82.8,37.8,3,1
1,62.8,1,1,0,4,1,114.0,28.8,2,1
1,30.0,1,0,0,2,0,83.2,25.5,2,1
1,0.7,1,1,0,0,1,50,32.2,2,1
0,67.5,0,0,0,3,1,76.4,29.2,1,1
1,10.6,1,1,1,2,0,108.2,21.5,3,1
1,77.9,0,1,1,1,0,124.5,31.8,2,1
1,17.1,0,1,1,4,0,80.3,15.1,3,0
0,13.2,0,1,0,3,1,105.6,23.1,1,0
1,72.4,1,0,1,1,1,84.8,21.5,1,1
1,29.6,0,0,0,2,1,128.9,28.5,0,0
1,16.9,1,1,0,1,1,111.0,36.1,0,1
1,66.8,1,0,0,3,1,71.7,33.2,1,0
0,79.1,0,0,0,0,0,50,32.5,1,0
1,71.9,0,1,1,1,0,94.2,30.0,0,1
1,29.0,0,0,1,0,0,111.0,32.4,0,0
1,10.9,0,0,1,3,0,151.4,19.4,1,0
0,0.2,1,0,0,2,1,79.9,22.3,3,0
0,62.3,1,1,1,4,1,95.9,24.0,3,1
1,66.7,0,0,1,3,1,120.8,18.8,2,1
1,41.0,1,0,0,4,1,109.3,30.0,2,1
1,44.9,1,0,0,4,1,98.7,25.3,2,1
1,60.7,1,0,0,0,1,79.1,24.4,3,1
1,59.3,0,1,0,1,1,123.8,31.4,3,1
1,73.5,0,0,0,0,0,50,18.8,3,0
0,67.0,1,1,1,2,0,63.9,27.8,1,1
0,70.1,1,0,1,1,0,72.2,36.2,3,1
1,46.1,1,0,1,2,0,50,30.0,0,0
1,50.9,0,0,1,1,1,104.6,37.0,3,1
0,58.6,1,1,0,0,0,111.7,36.1,0,1
1,45.1,1,1,1,4,0,172.7,30.1,2,1
1,41.3,0,0,1,2,0,151.0,31.4,2,0
0,58.5,1,1,1,4,1,52.1,33.5,0,1
1,47.6,1,1,1,4,0,106.8,24.7,2,1
0,15.0,0,0,0,0,1,141.0,31.2,0,0
0,20.0,0,1,0,4,0,109.9,25.1,0,0
0,68.9,0,0,1,1,0,78.0,34.7,2,0
1,8.8,0,0,1,0,0,112.0,30.4,1,0
0,68.0,1,0,1,0,1,82.6,18.3,2,0
1,55.3,0,0,1,4,0,151.7,33.9,2,1
1,54.4,1,0,1,0,0,255.9,15.1,0,1
0,62.7,1,0,0,0,0,106.0,38.2,0,1
0,59.2,0,0,1,2,0,125.8,37.5,1,0
0,16.8,0,1,1,2,0,155.8,30.2,2,0
1,36.9,0,1,0,3,0,54.0,31.3,1,0
0,5.5,0,1,0,3,1,100.8,37.4,3,1
1,60.3,1,1,0,2,1,172.8,20.2,1,1
0,13.1,0,1,1,1,0,169.0,37.8,2,1
0,65.9,1,1,0,1,0,103.5,36.1,1,1
1,30.5,0,1,0,1,1,50,31.1,2,0
1,26.1,1,1,0,2,0,97.6,31.3,0,1
0,43.6,0,0,0,3,1,77.6,32.0,2,1
0,19.9,0,0,0,0,1,73.1,29.6,0,0
0,51.6,0,0,1,0,1,175.0,40.9,3,1
0,27.7,1,1,1,2,1,124.4,29.2,2,1
0,69.0,0,0,0,3,1,50,27.2,0,0
1,62.4,0,1,0,0,1,59.9,28.4,0,0
0,5.7,0,0,0,1,0,92.6,21.6,2,0
1,30.6,1,0,0,2,0,50,24.4,0,0
1,17.0,1,1,1,4,0,104.9,33.2,1,1
0,51.3,1,0,0,1,1,69.6,30.5,1,1
0,14.4,1,0,1,1,1,108.8,16.2,3,0
0,73.4,0,1,0,2,0,209.4,31.8,0,1
1,54.4,0,0,0,2,0,131.7,28.1,2,1
1,7.7,1,1,1,4,1,50,21.6,1,0
0,36.5,0,1,0,3,0,78.8,31.5,3,0
1,11.0,1,0,1,0,0,105.6,29.5,2,0
0,76.1,1,0,0,2,1,105.3,29.4,2,1
1,42.8,0,0,0,2,0,64.0,23.8,2,0
0,21.2,1,1,0,2,0,102.6,27.4,3,1
1,21.4,1,1,0,2,1,144.5,30.5,3,1
1,18.2,1,0,1,0,1,208.6,30.9,1,1
1,27.1,0,1,1,4,1,127.1,15.7,0,0
1,53.2,1,0,0,1,0,122.1,23.1,2,1
1,14.6,0,1,0,0,0,117.6,40.7,0,1
0,29.4,1,0,0,4,1,153.2,21.7,3,1
1,10.0,1,1,0,4,0,151.8,31.1,1,1
0,56.6,0,0,1,4,1,85.6,17.4,3,0
1,6.1,1,1,1,4,1,91.0,17.9,2,1
0,73.7,0,0,0,4,1,153.5,35.5,3,1
0,6.9,1,0,1,2,0,106.9,29.5,3,1
1,56.7,1,1,0,3,0,158.1,34.1,2,1
1,36.6,0,1,1,2,0,139.5,31.7,0,1
0,18.5,1,1,1,2,1,103.8,25.5,3,1
1,65.9,1,0,1,2,0,102.3,29.6,2,1
1,49.7,0,1,1,0,1,157.5,29.1,3,1
1,56.0,1,1,1,2,1,162.0,35.6,3,1
1,29.9,1,0,1,2,1,132.7,28.9,2,0
0,53.4,0,0,0,4,0,134.2,25.0,3,0
1,10.4,0,0,1,1,1,88.1,26.8,0,0
1,65.2,0,0,0,0,0,103.4,29.5,2,0
0,64.6,0,1,1,3,1,58.3,20.4,3,0
1,48.2,0,0,0,3,0,71.5,25.5,0,0
0,16.3,1,1,0,1,1,103.9,27.8,1,0
0,58.5,0,1,1,4,0,97.3,30.4,1,1
0,73.2,0,1,1,1,1,77.7,37.2,2,1
1,46.8,1,0,0,4,0,62.6,31.6,2,1
0,10.5,1,1,0,3,1,129.5,14.8,0,0
1,75.9,0,1,0,1,0,88.6,38.2,0,1
1,43.4,0,1,0,4,1,82.9,34.1,3,1
1,7.9,1,1,1,4,0,130.9,26.9,3,1
1,53.9,0,1,1,0,1,74.6,42.3,1,1
1,8.9,1,1,1,1,0,50,39.8,2,1
1,50.2,1,1,0,4,1,172.1,21.8,0,1
0,7.0,1,1,0,1,1,149.5,30.1,3,1
0,16.4,1,0,0,3,1,94.9,23.3,1,0
1,36.4,0,0,1,0,0,50,28.0,0,0
1,45.1,0,0,0,0,1,91.6,36.1,1,1
0,79.8,1,1,0,4,0,182.9,32.2,2,1
0,0.5,0,0,1,1,1,50,26.3,1,0
1,15.7,0,0,1,0,1,97.7,14.1,0,0
1,20.4,1,0,0,1,0,109.4,40.1,3,1
0,9.6,0,1,0,1,1,71.5,26.3,3,0
0,18.0,1,1,1,4,0,135.6,17.6,1,0
1,6.7,1,1,1,3,0,93.2,37.8,1,1
0,31.0,0,0,0,2,1,134.4,32.4,2,0
0,9.2,1,1,1,0,0,91.8,28.1,0,0
0,69.3,0,1,1,1,0,50.2,28.5,3,1
1,12.1,1,1,1,2,0,133.7,31.0,0,1
1,63.7,0,1,1,2,1,134.9,28.8,0,1
0,78.9,1,1,1,2,0,165.9,26.5,3,1
0,50.2,1,0,1,3,0,109.8,25.6,2,1
1,4.7,1,1,1,0,0,166.3,14.4,0,1
1,71.7,1,0,1,1,0,131.7,28.4,2,1
0,35.0,0,0,0,2,0,140.8,32.6,2,1
1,14.8,1,0,0,4,0,50,23.0,1,0
1,19.4,1,0,0,2,1,67.3,27.5,1,0
1,65.3,1,1,0,3,1,199.6,20.7,1,1
1,80.2,1,1,1,4,1,72.9,32.4,1,1
1,42.4,1,1,1,4,0,65.7,26.4,0,1
0,75.5,0,0,0,3,1,114.7,35.9,3,1
0,5.6,1,1,1,3,0,84.9,25.9,3,1
0,67.0,1,0,0,2,1,50,34.2,1,1
1,37.2,1,1,0,2,0,134.1,30.1,3,1
0,44.2,1,1,0,4,1,75.0,41.2,3,1
1,51.2,0,0,1,4,0,110.3,26.5,0,0
0,27.6,0,0,0,3,0,50,32.1,3,0
1,50.8,0,0,0,4,0,149.3,38.4,0,0
1,28.5,1,1,1,0,0,133.1,25.9,0,1
0,73.5,0,1,0,1,1,136.2,43.4,3,1
0,65.8,1,1,1,3,1,168.2,35.3,1,1
0,8.3,1,1,1,0,1,144.5,29.7,0,1
1,27.4,0,0,1,4,1,200.7,28.4,0,0
1,39.6,0,1,0,1,1,148.6,30.8,2,1
0,27.9,1,0,1,1,0,100.9,32.6,2,0
1,25.9,1,0,1,4,1,74.0,42.3,0,0
1,23.9,0,1,1,4,1,116.8,33.1,3,1
0,61.2,1,1,0,1,1,96.8,23.1,1,1
0,60.2,0,0,0,0,1,138.8,28.0,2,0
0,3.5,1,0,0,3,0,91.9,32.0,0,0
1,78.3,0,0,1,0,1,94.7,17.2,1,1
0,5.0,1,0,1,3,1,124.1,33.7,1,0
1,18.5,0,1,1,1,0,112.8,30.8,0,0
0,9.5,1,0,0,4,0,213.3,32.2,1,0
1,76.8,0,0,0,0,1,113.2,30.0,2,1
0,60.6,0,1,1,3,1,162.5,17.2,1,1
0,66.8,0,0,1,4,0,50,33.6,3,1
1,49.4,1,0,0,2,0,105.6,18.4,0,1
0,72.0,1,1,1,2,0,169.4,35.1,1,1
1,45.0,1,0,0,1,1,80.5,35.3,2,1
0,6.6,1,0,1,2,0,99.3,26.4,0,0
0,38.3,1,0,0,0,1,50,33.9,1,0
0,46.8,1,1,0,0,1,90.9,21.4,2,1
0,10.3,1,0,0,1,1,68.3,34.2,2,0
0,1.0,0,0,1,0,0,109.4,27.2,1,0
1,81.7,0,1,0,3,0,77.9,26.5,1,1
0,65.4,0,0,1,4,1,50,29.5,0,0
1,78.9,1,0,0,0,0,64.4,20.0,3,1
0,56.9,1,1,1,0,1,121.3,14.3,1,1
0,40.5,0,0,1,3,0,50,38.7,1,0
0,40.3,1,0,1,1,1,107.2,14.7,1,0
0,37.5,1,1,1,2,1,136.8,14.1,2,1
0,56.3,1,0,0,1,1,50,30.7,0,1
1,34.3,1,0,1,0,0,100.8,19.8,3,1
1,79.3,1,0,0,1,0,100.5,30.8,3,1
0,71.0,0,0,0,3,1,236.1,34.7,0,1
0,18.8,0,1,0,3,0,50,23.1,0,0
1,76.1,1,0,1,1,1,109.3,21.3,1,1
1,49.1,0,0,1,0,1,122.3,36.1,1,0
0,56.0,0,0,1,4,0,123.3,28.3,3,1
0,32.8,1,0,1,0,0,92.6,18.6,3,0
0,62.3,1,1,0,4,1,160.1,33.3,0,1
0,49.3,1,1,0,0,1,98.1,20.0,1,1
1,62.2,0,0,0,0,1,52.9,28.1,1,0
0,53.4,0,0,1,0,0,100.7,18.7,1,0
1,16.8,0,0,0,1,0,114.8,32.2,2,0
1,48.2,0,0,1,0,1,124.5,28.2,1,0
0,25.8,1,1,0,2,0,151.1,32.9,3,1
0,46.6,1,0,0,2,0,50,45.1,0,1
1,77.1,1,1,0,4,0,96.0,27.5,0,1
0,57.8,1,1,1,1,1,203.6,24.6,2,1
0,47.3,0,1,1,0,0,180.3,34.3,1,0
0,43.7,0,1,0,3,0,64.8,32.2,0,0
1,52.4,0,0,0,0,1,50,26.5,3,0
0,16.5,1,0,0,1,1,52.4,40.8,1,1
1,1.6,1,1,1,2,0,99.1,36.7,0,0
0,10.5,0,1,1,0,1,65.6,23.7,1,0
1,48.1,0,0,0,1,0,50,28.2,3,0
0,47.7,0,0,1,2,1,74.3,27.6,1,0
0,30.5,0,0,0,2,0,109.0,17.8,1,0
0,39.6,0,1,0,0,0,104.7,34.1,0,0
0,7.6,0,1,1,1,1,162.9,41.4,3,1
0,4.7,0,0,1,4,0,155.7,36.5,1,0
0,4.5,1,1,0,2,1,89.9,37.2,1,1
1,13.2,0,0,1,3,1,161.2,29.5,2,0
0,79.6,0,0,1,0,1,110.3,40.7,0,0
1,73.1,1,0,1,1,1,140.8,30.4,2,1
0,40.8,1,0,1,4,1,186.1,25.6,1,1
1,10.6,1,0,0,4,0,50,28.1,3,0
1,72.2,1,0,0,4,0,134.0,25.5,3,1
1,38.9,1,1,0,1,0,107.8,31.2,3,1
1,39.6,1,1,1,0,0,140.0,26.1,2,1
1,36.7,1,0,1,3,1,115.1,19.0,2,1
0,32.1,1,0,1,0,0,94.4,29.4,2,1
1,57.4,1,1,0,0,1,147.1,34.4,0,1
1,71.2,1,0,1,0,1,53.0,30.9,3,1
0,2.7,0,0,0,3,1,130.8,25.9,2,0
0,53.1,1,1,0,2,0,118.2,26.6,3,1
1,75.3,0,1,1,0,1,118.6,28.9,3,1
1,73.4,0,1,1,3,1,89.8,36.2,2,1
1,50.5,0,0,1,0,1,156.2,11.5,2,0
0,44.4,0,1,0,2,1,118.9,18.0,3,1
1,59.0,1,1,1,0,0,104.8,35.5,3,1
1,61.9,1,1,1,2,1,106.4,26.8,3,1
0,17.2,1,0,1,1,0,111.8,19.7,3,0
0,23.9,1,1,1,2,1,120.3,25.8,1,1
0,25.3,0,1,1,1,1,113.1,20.8,2,0
0,69.5,0,1,1,1,1,50,35.2,3,1
0,26.2,1,1,0,3,1,50,29.4,0,0
0,13.4,1,0,0,1,0,96.4,35.2,0,0
0,18.5,0,0,1,2,1,149.5,23.0,2,0
0,63.9,1,0,1,1,0,82.4,19.7,2,1
1,31.9,0,1,0,2,0,134.3,33.3,1,1
0,29.1,0,0,1,3,0,68.4,31.7,3,0
0,55.9,1,0,1,0,1,94.8,39.2,3,1
0,54.5,0,1,1,2,0,52.0,29.0,3,1
0,65.2,0,1,0,1,0,118.4,24.5,0,1
1,3.4,1,1,0,4,1,84.2,30.7,2,1
0,19.8,0,0,0,0,0,68.2,20.8,2,0
0,39.5,1,0,1,0,1,134.5,32.8,2,1
1,46.8,0,1,1,3,0,74.0,25.9,3,0
1,15.6,1,0,1,1,0,73.7,28.4,3,1
1,39.4,1,1,0,4,0,81.3,31.8,3,1
0,22.8,0,1,0,3,1,77.0,22.7,3,0
0,71.7,0,1,0,2,0,98.7,33.5,1,1
0,17.2,1,1,0,4,1,169.1,32.1,1,1
1,39.8,1,1,1,3,0,70.5,28.4,2,1
0,56.3,1,0,1,4,1,111.8,29.2,2,1
1,79.3,1,1,0,0,0,79.1,32.5,3,1
1,29.7,1,1,1,1,0,159.4,26.1,2,1
1,15.9,0,0,1,2,1,50,19.4,1,0
0,53.5,1,0,0,0,0,98.1,20.9,2,1
0,54.8,1,0,1,4,1,68.0,31.4,1,1
1,20.9,0,1,1,1,1,118.1,38.3,0,0
1,58.7,1,1,1,0,1,157.9,27.2,3,1
1,48.8,1,1,0,1,1,55.4,26.5,2,1
0,26.5,1,0,0,4,0,89.5,29.9,1,0
1,56.3,1,0,0,1,0,121.0,16.3,3,1
0,35.4,1,0,0,4,1,187.2,18.3,2,0
0,71.7,0,0,1,1,1,212.0,25.9,2,1
1,23.4,1,0,1,0,1,135.7,36.1,3,0
1,16.6,1,1,1,4,0,50,18.1,1,0
1,13.0,1,1,1,1,0,189.6,32.6,3,1
0,52.4,1,0,1,4,1,77.9,23.1,1,0
1,3.9,0,1,1,2,0,92.8,27.4,3,0
0,27.5,0,1,1,3,1,103.4,36.2,3,0
1,65.8,1,0,0,1,1,161.4,22.8,1,1
0,39.1,1,0,0,1,0,115.4,29.5,1,0
0,8.9,0,0,1,1,0,74.1,30.0,0,0
0,28.3,1,0,1,0,1,50,30.8,1,0
1,29.0,1,1,1,1,1,51.4,36.3,3,1
1,24.3,0,0,0,3,1,97.8,12.1,1,0
1,59.4,0,1,1,3,1,83.4,34.8,2,1
1,79.3,0,1,1,1,0,87.0,24.0,0,1
0,72.0,0,0,1,0,1,181.4,14.3,2,1
1,72.5,1,0,1,1,1,50,30.3,1,1
0,10.3,1,0,1,1,1,63.0,33.6,2,0
0,74.7,1,1,0,0,1,131.0,31.7,2,1
1,71.3,1,1,0,1,0,118.6,39.5,2,1
0,16.8,1,1,1,3,0,88.5,38.4,2,1
1,76.4,1,0,1,0,0,58.7,35.6,2,1
1,28.4,1,1,1,2,0,158.1,40.2,2,1
0,21.2,0,1,1,3,0,53.4,33.1,3,0
1,33.3,0,0,1,1,0,74.8,27.0,2,0
1,26.4,0,1,1,0,0,76.5,27.1,2,0
0,6.7,1,1,0,3,0,128.9,27.3,0,0
1,63.1,1,1,1,1,1,66.0,29.3,0,1
0,64.2,0,0,0,3,0,70.7,24.9,2,0
1,30.7,1,0,0,1,1,149.0,22.1,3,0
0,72.7,1,1,1,1,1,70.5,38.3,2,1
0,9.3,0,1,0,0,1,130.5,30.2,2,0
0,0.1,1,1,1,2,0,51.4,43.1,0,0
1,62.5,0,1,0,0,0,75.3,36.9,1,1
0,28.9,1,0,1,2,1,82.1,34.1,0,0
0,23.3,1,0,1,2,1,112.0,25.2,1,0
0,44.3,1,1,0,1,0,103.5,25.9,0,1
0,42.2,0,1,0,0,0,120.1,35.2,3,1
1,16.4,1,1,1,1,0,117.4,21.9,1,0
1,81.8,0,1,0,2,1,50,26.5,0,1
0,45.2,1,0,0,1,0,140.5,28.2,2,1
0,75.5,1,1,0,1,0,51.3,35.9,2,1
0,69.0,1,0,1,4,0,50,32.3,0,1
0,58.6,0,0,0,0,0,61.1,23.8,3,0
1,5.7,0,1,0,3,1,84.8,43.9,2,1
0,50.4,0,1,0,3,1,109.3,36.9,2,1
1,4.7,0,1,1,3,0,51.2,24.5,0,0
0,37.9,1,1,0,4,0,64.1,21.9,2,1
0,49.1,0,0,0,0,0,90.4,31.1,2,0
0,58.1,1,1,1,2,1,133.5,23.7,2,1
1,31.9,0,0,0,4,0,50,38.2,3,0
0,24.4,0,0,0,4,1,115.1,30.0,1,0
0,18.6,1,1,0,2,1,103.8,24.0,1,0
1,81.0,0,1,1,4,0,88.5,31.2,3,1
1,76.3,1,1,0,1,1,72.5,21.3,3,1
1,68.1,0,1,0,3,0,115.3,23.4,1,1
1,75.2,0,1,0,4,0,105.4,29.0,0,1
1,72.6,0,0,0,2,1,50,24.9,3,0
1,30.0,1,1,1,0,0,110.2,26.4,3,1
1,2.1,1,1,1,3,1,130.3,38.1,1,1
1,44.8,0,1,1,0,1,58.7,24.9,0,1
0,79.4,1,0,1,2,0,145.2,21.4,1,1
1,7.7,0,1,1,1,0,85.9,19.6,2,0
0,73.6,1,0,1,0,0,102.3,21.6,1,1
0,6.9,0,1,1,0,0,158.0,22.7,3,0
0,52.7,1,1,1,1,0,116.4,32.4,1,1
0,26.1,1,0,0,3,1,50,26.1,3,0
1,36.8,1,0,0,1,1,52.3,17.1,3,0
0,5.1,1,0,0,2,0,123.7,21.2,2,0
1,51.7,0,1,1,4,1,173.6,33.3,0,1
1,40.9,1,0,0,2,0,148.3,24.5,3,1
0,52.6,0,0,0,0,0,80.9,26.8,0,0
1,81.7,0,1,0,4,0,95.7,24.9,2,1
0,17.5,0,0,1,1,0,60.8,31.5,3,0
0,42.6,0,1,0,0,0,134.0,17.5,0,0
1,46.4,1,0,1,1,1,87.6,31.6,1,1
1,18.9,0,0,0,1,1,87.7,19.0,2,0
1,63.8,0,1,1,1,1,50,20.7,1,0
1,26.1,1,0,0,4,1,111.4,32.2,1,0
0,19.4,0,0,1,4,0,50,24.0,0,0
1,51.1,1,1,0,2,0,50,37.3,2,1
1,12.4,0,0,1,2,0,163.3,30.9,0,0
1,54.8,1,0,0,4,0,143.8,28.8,2,1
0,31.6,1,0,0,4,0,121.1,28.9,1,1
1,73.8,0,0,0,3,0,154.6,20.6,1,1
0,15.1,0,0,0,1,0,112.3,34.6,0,0
1,80.3,0,1,1,1,1,192.8,35.5,3,1
1,14.0,0,1,0,0,0,173.9,30.7,1,1
1,42.1,0,0,1,4,0,104.9,41.0,2,0
1,9.7,0,0,0,0,1,148.9,26.2,3,0
1,64.5,0,0,1,2,0,146.6,24.6,1,0
1,23.4,0,1,0,2,0,51.9,20.7,3,0
0,32.4,1,0,0,3,0,172.7,31.0,2,1
0,14.0,1,1,1,0,1,143.7,16.7,0,1
0,41.8,1,0,1,1,1,76.5,40.5,0,0
1,20.2,0,0,1,0,1,50,29.1,1,0
1,41.8,0,1,1,4,0,53.0,17.7,0,0
1,5.7,0,0,1,3,0,134.5,24.2,1,0
1,62.7,1,0,1,1,0,90.7,38.6,1,1
0,23.7,1,0,1,4,1,114.2,33.6,2,1
0,16.5,1,0,1,1,0,129.6,38.6,2,1
1,54.1,0,1,1,4,1,76.2,38.9,3,1
1,12.3,1,0,0,2,0,94.3,31.6,2,0
0,14.5,0,0,1,0,1,53.2,38.8,1,0
1,37.0,1,0,1,4,0,168.1,30.4,1,1
0,15.2,0,1,1,0,1,198.6,18.3,2,1
0,70.8,1,1,0,0,0,50,24.9,1,1
1,7.3,0,1,1,0,1,121.4,19.1,2,0
0,57.3,0,1,0,4,1,133.2,25.6,1,1
1,67.8,1,0,1,3,1,79.0,32.6,3,1
1,43.2,1,1,0,4,0,144.2,23.5,2,1
0,38.4,0,1,1,1,0,120.0,28.8,2,0
1,50.6,0,1,1,4,1,141.4,18.9,1,1
0,13.6,1,0,0,2,1,181.5,34.2,3,1
0,13.6,1,0,0,4,1,93.4,26.4,3,1
1,26.7,0,1,1,2,1,141.0,38.3,1,1
0,53.1,1,1,1,4,1,100.7,31.8,3,1
1,29.5,0,1,1,2,0,50,31.5,0,0
1,45.2,1,1,1,2,1,152.0,14.2,1,1
0,63.8,1,1,1,4,1,50,21.3,0,0
1,24.0,1,1,1,2,1,100.9,18.6,3,1
1,77.0,0,1,1,1,0,129.3,36.6,0,1
0,75.7,1,1,1,0,1,81.1,15.1,2,1
1,69.5,1,0,1,3,0,97.8,30.8,2,1
1,19.4,1,1,0,4,0,142.8,25.0,3,1
0,12.2,1,0,1,2,0,107.2,37.4,2,0
0,65.4,1,1,1,3,1,198.6,31.3,3,1
1,27.0,0,1,1,4,0,54.6,20.1,1,0
1,30.9,1,1,1,4,0,192.9,31.6,3,1
1,61.7,1,1,1,4,1,119.1,39.7,0,1
1,61.0,0,0,1,4,0,65.1,16.4,0,0
1,41.3,0,0,1,3,1,50,19.1,0,0
1,61.1,1,0,0,3,1,98.9,25.3,2,1
0,45.3,1,1,0,3,0,128.6,45.2,0,1
0,51.4,0,1,1,1,0,143.2,35.4,3,1
1,48.0,1,1,1,2,1,179.2,31.4,1,1
1,71.0,1,1,0,4,0,121.4,31.5,2,1
0,68.9,0,0,0,2,0,95.0,37.4,3,1
1,27.4,1,0,1,2,1,110.7,20.1,0,0
1,9.2,0,1,1,3,1,144.7,31.5,2,1
1,15.1,0,0,0,4,1,87.3,25.3,1,0
0,3.1,0,1,1,0,0,89.3,21.9,1,0
0,60.7,0,0,1,2,1,104.6,40.9,2,1
0,80.9,0,0,1,1,0,60.7,42.1,2,1
1,70.6,0,1,0,0,0,143.4,24.1,3,1
0,27.2,1,1,1,2,0,87.4,44.4,3,1
1,65.9,0,0,1,3,1,177.2,26.6,1,1
1,79.6,0,0,1,3,1,50,20.8,2,0
1,17.2,0,1,1,2,1,66.8,22.4,2,0
0,73.1,1,0,0,3,1,91.5,24.4,3,1
1,81.8,0,1,1,3,1,143.1,34.7,0,1
0,70.8,0,1,0,0,1,183.0,42.5,0,1
1,37.3,1,1,1,1,0,50,34.4,3,1
1,5.3,1,1,0,3,0,82.2,30.3,0,0
0,26.6,1,0,1,4,0,116.8,30.5,2,1
0,72.3,1,1,0,0,1,57.8,18.8,3,1
1,57.5,1,1,1,2,0,101.5,27.1,0,1
1,55.0,1,1,0,4,0,72.7,27.4,0,1
0,6.9,1,1,1,3,1,75.8,35.4,0,1
1,7.6,1,0,0,2,0,91.9,36.7,2,0
0,18.8,1,1,1,2,1,86.5,32.1,2,1
1,48.2,0,1,0,2,0,122.3,25.9,2,1
1,6.3,0,0,1,2,1,124.1,21.2,2,0
0,17.8,1,1,1,0,1,126.0,30.1,0,1
1,74.9,0,0,0,4,0,142.3,34.3,0,1
0,25.4,1,0,0,4,0,118.5,29.0,2,1
1,78.5,1,0,1,4,1,158.1,24.4,1,1
0,75.9,0,0,1,4,0,82.9,24.1,3,0
0,63.2,1,0,0,0,1,167.7,14.5,1,1
0,80.3,0,0,1,4,1,74.8,36.2,2,1
0,0.6,1,0,1,1,1,113.4,22.0,0,0
1,63.7,0,1,0,3,0,114.8,32.9,3,1
1,31.5,0,0,0,1,0,128.2,40.9,0,1
0,58.7,0,0,1,1,0,175.5,33.0,3,1
0,61.1,1,0,1,1,1,50,28.2,3,1
0,28.3,0,1,0,2,0,157.1,32.1,0,0
1,19.9,0,1,0,0,0,125.5,20.0,3,0
0,70.3,1,0,1,3,0,101.3,27.2,1,1
0,54.2,0,0,0,1,0,118.8,26.5,0,0
0,73.7,0,1,0,0,1,78.0,30.7,0,1
1,61.7,1,0,0,3,0,89.1,36.5,1,1
0,39.2,1,1,1,3,1,86.7,34.2,0,1
0,8.3,0,0,0,2,0,104.8,25.8,2,0
1,47.4,0,1,1,0,1,50,23.5,1,0
0,67.7,1,1,0,3,1,123.2,31.2,1,1
1,38.0,1,0,0,3,1,134.2,36.4,2,1
1,63.9,0,0,1,1,0,146.6,32.5,2,1
1,5.5,0,1,0,1,0,119.6,26.1,1,0
1,14.6,0,1,0,0,1,210.1,17.2,3,1
1,11.1,0,1,0,4,1,171.5,21.9,2,0
1,6.9,1,0,0,4,0,50,25.2,2,1
1,66.4,1,1,0,3,0,108.6,34.4,3,1
0,63.4,1,1,1,2,1,64.7,30.6,0,1
0,37.1,0,0,0,0,1,100.3,25.1,1,0
1,64.1,0,1,1,3,0,97.3,39.3,3,1
1,56.5,1,1,0,4,0,56.0,34.0,3,1
1,22.0,1,1,0,1,0,143.7,38.8,3,1
0,46.0,1,1,0,0,1,137.0,40.0,2,1
0,55.8,0,1,1,3,0,92.6,37.2,0,1
0,47.3,0,0,0,3,1,125.8,19.7,1,0
1,37.4,1,1,0,3,1,50,26.6,2,1
1,5.0,0,1,1,4,1,61.5,23.6,0,0
0,1.8,0,1,1,3,0,110.0,28.0,2,0
0,2.1,1,1,0,3,1,92.9,35.3,2,1
0,70.1,0,0,0,4,0,134.5,19.3,1,0
0,71.7,0,1,1,0,1,98.5,34.0,1,1
1,37.6,0,1,0,3,1,159.7,46.9,3,1
0,68.1,1,0,1,4,0,50,41.7,3,1
1,60.4,1,1,0,1,0,50,27.5,2,1
1,7.9,1,1,0,0,0,117.3,13.3,1,0
1,37.7,1,0,0,2,1,104.8,35.4,1,1
1,9.7,1,1,1,1,1,50,32.3,1,1
1,27.2,0,1,1,0,1,50.0,35.8,3,1
1,58.0,0,1,1,1,1,114.6,13.6,1,0
1,78.6,1,0,1,3,1,111.7,26.3,1,1
0,4.5,0,0,0,0,1,122.0,38.4,1,0
1,73.5,0,0,1,4,0,50,24.9,3,1
1,79.9,0,1,0,2,0,104.7,32.8,1,1
1,64.5,0,0,0,4,0,154.5,38.1,0,0
0,27.8,1,0,0,2,1,121.5,31.8,2,1
0,67.8,0,0,1,1,1,50.9,34.4,3,1
0,49.6,1,0,1,3,0,122.5,30.5,1,1
1,6.3,1,1,1,1,0,50,17.4,2,0
1,13.1,1,1,0,1,0,171.6,35.9,1,1
0,81.2,1,1,1,2,0,89.6,34.7,1,1
0,20.1,0,0,1,0,0,80.7,31.4,2,0
1,71.2,1,0,1,0,1,137.0,21.8,0,1
0,42.2,0,1,0,4,0,132.5,43.0,0,1
0,0.6,0,0,0,2,0,149.3,38.7,0,0
1,7.7,1,0,0,2,1,116.7,31.4,1,1
1,31.2,0,0,1,3,0,140.0,34.1,3,0
1,40.2,1,1,0,1,1,57.5,34.4,1,1
1,30.2,0,1,0,2,0,50,24.2,2,0
0,0.4,0,0,1,0,1,73.2,17.8,1,0
1,12.5,1,0,1,2,0,83.3,41.8,3,1
1,11.3,0,1,1,0,1,176.1,26.8,1,0
1,72.1,1,0,0,4,1,73.4,22.9,1,1
0,23.5,1,0,0,3,0,59.3,27.6,1,0
0,2.8,0,0,0,0,1,175.9,24.7,2,0
1,28.8,1,1,0,0,1,79.3,15.0,1,1
0,19.4,1,1,1,0,1,176.8,31.4,1,1
1,48.9,0,0,1,1,0,79.1,32.0,2,0
1,1.9,1,0,1,0,0,50,29.8,1,0
0,33.4,0,1,1,2,0,220.2,24.0,2,1
1,56.2,1,0,0,2,0,100.3,36.4,2,1
1,1.5,0,0,1,3,0,98.8,28.1,2,0
0,62.4,1,1,0,2,1,142.3,28.1,3,1
1,28.7,1,0,1,1,1,115.6,30.3,2,1
1,75.9,1,0,0,2,1,74.6,30.5,3,1
1,80.9,1,1,0,4,1,124.0,38.9,2,1
0,11.5,1,0,0,4,1,83.9,34.8,0,0
0,12.8,0,0,0,4,1,127.6,32.2,1,0
1,0.9,0,0,1,2,0,96.3,38.5,1,0
1,28.4,0,0,1,3,0,50,28.4,3,0
0,53.3,1,1,0,1,1,103.5,18.6,0,1
1,45.0,0,0,0,1,1,112.5,16.4,1,0
1,8.5,1,0,0,1,0,165.5,30.9,3,1
1,18.5,0,0,1,2,1,190.1,32.8,1,0
1,5.6,1,1,0,3,0,161.5,30.1,0,1
1,12.2,1,1,1,3,0,50,16.3,2,0
0,31.0,1,1,0,1,1,52.2,20.7,1,1
1,54.1,0,0,1,1,1,83.6,11.8,1,0
1,36.9,0,1,1,3,1,185.1,27.5,2,1
0,41.7,0,0,0,1,0,159.9,21.1,3,0
0,9.8,0,0,0,1,1,100.6,18.7,0,0
0,58.9,0,1,0,3,0,188.9,33.8,3,1
0,2.8,1,1,0,3,0,50.2,32.6,3,1
1,74.6,1,0,0,4,1,145.3,27.2,0,1
0,46.8,1,0,0,3,0,144.3,28.8,0,1
1,30.2,1,0,1,4,1,51.4,15.0,3,0
1,53.1,0,0,1,3,1,50,22.4,1,0
0,45.6,1,0,1,1,0,100.4,31.5,0,1
1,36.1,1,1,0,2,1,73.6,17.2,0,1
0,43.6,0,0,1,2,1,172.5,25.8,1,0
0,11.6,0,0,1,2,0,117.4,30.1,2,0
0,32.5,0,0,1,0,1,136.9,25.6,1,0
1,61.1,1,0,1,0,1,130.8,19.8,1,1
1,34.9,1,1,1,0,0,93.6,28.0,1,1
0,64.0,0,1,1,3,1,116.2,34.6,3,1
0,63.7,0,0,1,4,0,180.8,26.1,3,1
1,72.7,0,1,0,0,0,125.3,33.3,2,1
0,30.7,1,0,0,2,1,108.3,37.7,0,1
0,70.1,0,0,0,2,1,50,25.0,3,0
0,4.8,1,1,0,3,1,83.1,30.2,0,0
1,63.4,1,1,0,1,0,50,23.4,3,1
0,65.7,1,1,1,4,0,139.7,29.7,3,1
0,32.5,0,0,0,2,0,50,35.0,2,0
0,47.5,0,0,1,1,0,132.9,26.1,0,0
0,37.9,1,0,0,4,1,109.0,23.4,0,0
0,25.4,0,1,0,0,1,96.8,15.6,0,0
0,45.6,1,1,0,2,1,171.0,40.6,1,1
1,52.6,0,0,0,2,1,111.0,31.6,2,1
0,76.8,0,1,0,4,1,60.7,29.9,0,1
0,53.8,1,1,0,0,1,50,26.6,2,1
1,63.1,0,1,0,4,0,95.1,36.7,3,1
0,52.4,1,1,1,0,1,158.4,31.7,2,1
1,46.1,1,0,0,4,0,89.3,28.8,3,0
1,7.6,0,1,1,1,0,111.8,22.8,0,0
0,42.4,0,0,1,1,1,124.7,18.0,3,0
0,21.2,1,1,1,1,1,65.3,33.5,0,1
1,77.8,1,1,1,4,0,111.7,39.9,0,1
1,37.2,1,1,1,4,1,75.6,25.5,3,1
1,38.1,0,0,0,4,0,138.7,34.5,3,0
0,46.1,1,1,0,2,0,50,31.0,2,0
0,31.6,1,0,0,3,1,56.8,27.5,2,0
1,0.8,1,1,1,1,1,62.4,34.2,2,1
0,55.9,1,0,0,4,1,101.1,33.6,0,1
1,66.8,0,1,0,3,1,111.5,28.1,2,1
1,69.5,0,0,1,1,1,100.9,24.9,1,0
1,69.4,0,1,1,2,1,161.0,20.4,0,1
1,30.4,1,1,1,1,1,130.8,34.6,1,1
1,58.9,0,0,0,0,0,92.2,20.5,2,0
0,20.3,1,1,0,1,1,162.4,26.9,2,1
0,60.6,0,0,1,1,0,151.9,32.3,1,1
0,59.5,0,0,0,1,0,101.9,31.4,0,0
0,6.5,1,1,0,4,0,82.3,39.4,2,1
0,46.0,1,1,1,2,1,73.8,33.7,1,1
0,30.4,0,1,0,0,0,74.1,32.0,3,0
1,5.3,1,1,0,0,1,68.8,37.2,1,1
0,44.0,1,0,1,1,0,69.9,28.0,1,1
1,69.1,0,1,1,4,0,100.7,28.5,1,1
0,67.9,0,1,1,0,0,124.0,23.1,2,0
1,38.1,0,0,1,1,1,133.2,17.9,3,0
1,68.2,0,1,1,3,0,50,26.5,2,0
0,44.7,1,1,0,1,1,154.7,29.0,0,1
0,56.6,0,1,0,3,0,115.8,27.8,3,1
0,43.1,0,0,1,3,0,50,39.1,0,0
0,79.0,1,1,1,3,0,150.6,38.5,1,1
0,55.7,0,1,1,0,0,117.7,32.7,1,1
0,71.3,1,0,0,1,0,85.3,34.7,0,1
0,51.1,1,0,0,4,0,139.8,30.6,3,1
0,35.5,1,1,0,0,1,81.5,21.8,1,1
0,70.0,0,1,1,1,0,129.7,23.9,1,1
1,36.7,0,1,1,4,0,124.6,35.7,2,1
0,23.5,0,0,1,1,0,112.5,26.4,0,0
1,23.8,0,1,1,0,1,196.5,33.3,0,1
0,8.2,1,1,0,0,0,140.7,30.1,3,1
1,12.5,0,1,0,4,1,64.1,26.5,0,0
0,71.4,1,1,1,3,1,96.4,17.8,1,1
1,14.5,1,1,0,3,0,138.4,37.8,2,1
0,9.5,0,1,1,3,0,80.7,39.4,3,1
0,78.0,1,0,1,1,1,80.0,34.8,2,1
1,59.0,0,1,0,3,1,117.8,33.4,1,1
1,2.5,0,1,0,3,1,142.4,34.0,3,1
0,64.1,0,0,1,1,0,59.4,32.8,0,0
0,33.7,0,1,1,1,0,107.7,30.6,1,1
1,4.1,1,0,1,2,1,182.7,29.8,3,0
1,49.5,1,1,1,1,0,133.8,43.7,3,1
0,8.0,0,0,1,3,1,114.3,27.0,1,0
1,44.0,1,1,1,3,1,120.1,27.6,1,1
1,36.1,1,1,1,0,1,84.4,31.9,2,1
1,5.3,0,1,0,2,1,103.0,26.6,3,0
1,55.0,1,0,0,3,1,117.6,26.5,0,1
1,50.7,1,1,1,1,0,50,16.1,2,1
1,69.0,0,0,0,0,0,114.8,30.8,2,0
1,48.8,0,1,0,2,0,50,28.7,2,1
0,58.3,0,0,1,2,1,121.5,36.2,1,1
0,30.3,1,0,0,3,1,130.2,32.8,3,1
1,9.0,1,0,0,4,1,93.7,22.5,0,0
1,59.7,1,1,0,1,1,80.9,16.7,2,1
1,6.9,1,0,1,4,1,117.9,29.3,0,0
0,2.1,0,0,0,4,0,74.0,20.0,2,0
1,29.8,0,1,0,1,0,86.0,35.0,0,0
0,23.1,0,1,1,1,1,126.7,31.9,1,0
0,43.8,0,1,1,2,1,99.8,25.2,2,0
1,36.1,1,0,0,3,1,50,16.8,2,0
1,79.6,1,1,1,2,0,105.6,47.8,1,1
1,74.6,1,0,0,3,0,99.0,35.7,1,1
1,34.4,1,0,0,1,1,86.7,31.9,1,1
0,17.9,1,1,0,4,1,106.0,31.5,1,1
1,62.2,0,0,1,0,0,76.6,32.8,1,0
0,2.3,0,1,0,2,0,75.8,37.1,1,0
1,69.6,0,1,0,2,0,93.4,36.8,2,1
0,3.2,1,0,0,2,0,160.2,34.2,1,0
1,50.4,0,1,0,3,1,61.6,29.3,3,1
0,17.6,0,1,0,2,1,112.3,33.9,3,0
1,49.2,1,1,0,2,1,105.7,15.9,0,1
0,9.6,1,1,0,2,1,89.9,14.4,3,1
1,17.2,0,0,1,0,0,161.5,22.5,2,0
1,29.2,0,0,0,0,0,136.9,30.4,0,0
1,39.0,1,0,0,2,0,117.1,36.7,3,1
1,39.2,1,1,1,4,1,145.3,32.6,1,1
0,72.0,1,1,0,2,0,50,33.4,2,1
0,62.0,1,1,1,4,0,160.6,14.5,1,1
1,75.6,0,1,1,2,1,228.4,23.2,2,1
1,64.6,0,1,1,3,0,113.0,14.5,1,0
1,77.4,1,1,1,1,0,165.0,27.4,1,1
0,48.3,1,1,0,2,1,78.5,25.4,2,1
0,18.0,0,1,1,2,0,58.5,34.2,0,0
1,10.2,1,0,0,3,0,97.3,12.9,3,0
1,50.1,0,1,0,0,0,156.2,29.4,3,1
0,38.8,1,0,1,2,1,50,21.3,3,0
0,34.9,1,0,1,1,1,82.9,23.1,2,1
1,14.2,0,0,0,4,0,50,32.0,1,0
1,49.0,0,1,0,2,0,113.6,25.4,0,1
1,29.8,0,1,1,1,0,118.3,32.9,3,1
0,20.9,1,0,1,0,1,84.6,33.0,2,1
1,67.4,0,0,0,4,0,50,33.5,2,0
0,31.4,0,0,0,0,1,95.1,32.8,0,0
0,20.6,1,1,1,4,0,99.4,29.2,1,1
1,54.2,0,0,1,3,0,149.8,28.1,0,1
0,74.2,0,0,0,3,0,80.6,35.9,1,0
0,21.1,0,0,1,4,1,122.4,17.4,2,0
1,52.1,0,1,0,0,0,178.6,38.0,1,1
1,37.9,0,0,1,4,1,50,19.3,3,0
0,58.1,0,1,0,1,1,150.6,37.8,0,1
1,28.4,0,1,1,4,0,135.4,19.2,1,0
1,56.7,0,1,0,3,1,126.6,25.4,1,1
1,21.3,1,1,0,0,0,176.8,47.5,0,1
0,60.3,0,0,1,4,1,94.8,33.0,1,0
0,6.8,1,0,0,2,1,74.6,20.5,1,0
1,1.5,1,0,1,3,1,51.7,34.3,2,0
0,69.6,1,1,1,3,0,71.9,35.2,0,1
1,41.6,0,1,1,0,1,109.0,31.9,1,1
1,4.0,0,1,0,4,1,154.0,39.9,2,0
1,18.3,1,0,1,0,1,160.8,26.1,1,1
1,22.7,0,1,0,3,0,134.5,25.6,0,0
0,13.6,0,0,0,1,0,117.1,30.7,1,0
0,61.3,0,1,0,1,0,62.1,36.9,1,1
0,3.1,1,1,1,1,0,142.5,31.8,3,1
1,16.9,0,1,0,3,0,50,35.6,0,0
0,6.6,1,1,0,4,0,90.0,32.4,2,1
1,12.5,0,0,1,3,1,136.0,29.7,0,0
0,3.0,0,1,0,3,1,50,21.8,0,0
1,81.8,0,1,1,2,1,89.4,38.1,3,1
0,41.3,0,1,0,4,1,184.2,36.7,2,1
1,56.8,1,1,1,4,0,59.5,30.8,3,1
0,37.9,0,1,1,1,0,62.1,28.8,2,0
0,70.4,0,1,0,3,0,58.9,23.5,2,0
1,43.6,1,0,0,4,0,87.1,35.5,2,1
1,1.4,1,0,0,2,0,144.2,25.7,0,0
1,38.0,1,0,0,4,0,135.0,29.4,0,1
1,53.9,0,0,0,2,0,90.6,17.6,1,0
1,79.6,0,1,1,1,0,134.1,35.3,2,1
1,60.2,1,1,1,0,1,115.3,26.7,3,1
1,63.2,1,0,1,1,1,120.2,33.7,0,1
1,81.7,1,0,0,2,1,143.3,34.9,0,1
1,78.3,0,1,1,0,1,119.6,24.8,2,1
1,53.5,1,1,1,2,1,115.7,26.0,1,1
1,50.6,0,1,0,2,0,50,31.0,2,1
0,24.9,0,0,1,2,0,151.1,26.6,3,0
1,43.1,0,1,0,4,0,81.2,18.0,2,0
0,8.6,1,1,1,1,0,50,33.3,1,1
1,79.2,0,1,1,3,1,190.7,24.1,2,1
1,9.0,0,1,0,3,1,105.3,36.7,1,1
1,32.1,1,1,0,1,0,147.9,18.7,2,1
1,40.9,1,1,0,3,0,85.6,16.3,1,0
0,33.0,1,1,1,4,0,82.0,39.4,0,1
0,0.8,1,0,0,1,1,143.4,38.7,2,0
1,58.1,1,1,0,0,0,99.3,30.7,3,1
1,4.2,0,1,1,2,0,121.6,16.3,3,0
0,23.7,1,1,1,2,1,94.5,24.0,1,1
0,1.7,1,1,1,0,0,117.8,22.4,1,1
0,45.5,1,1,0,0,0,50,42.2,1,1
1,45.8,1,0,0,4,1,122.9,32.8,1,1
0,56.5,0,1,0,0,1,50,35.4,0,0
0,61.6,1,0,0,4,0,91.4,19.2,0,1
1,79.9,0,1,1,4,0,83.2,28.7,3,1
0,45.2,0,1,1,1,0,122.4,31.0,0,0
0,39.7,0,1,1,4,0,68.9,32.4,2,0
1,43.7,0,0,0,3,0,84.3,38.5,3,1
0,23.7,1,1,1,1,0,100.5,42.4,3,1
0,63.6,0,0,0,4,1,151.8,43.2,0,1
0,37.5,1,1,0,2,1,118.0,22.6,1,1
1,8.2,0,0,1,4,1,137.9,30.8,1,0
0,12.9,1,0,0,0,1,58.7,41.9,0,0
1,35.5,0,1,1,4,0,50,34.2,0,0
0,79.4,1,1,0,4,0,184.5,32.4,3,1
1,48.2,1,0,0,4,0,109.3,34.1,2,1
1,38.0,1,1,1,2,1,126.2,23.5,2,1
1,38.9,1,0,0,1,1,171.0,57.9,2,1
1,75.7,0,1,1,2,0,50,40.1,2,1
0,31.6,0,0,0,2,0,134.6,18.4,1,0
1,37.7,0,0,0,0,1,98.9,29.9,0,0
1,21.4,0,1,1,4,1,207.8,21.6,1,0
1,22.8,1,0,1,2,0,112.2,40.2,2,1
0,58.3,0,1,1,1,1,83.2,31.7,2,1
1,26.4,0,0,1,0,0,52.5,33.2,0,0
0,28.2,0,1,0,1,0,120.2,31.9,1,0
0,77.3,1,0,1,1,0,50,21.9,2,1
1,53.7,1,1,0,0,0,105.3,20.7,1,1
0,74.9,0,1,1,4,1,50,39.0,3,1
1,24.7,0,0,0,2,0,77.3,29.9,0,0
1,41.7,1,0,0,3,1,87.5,33.5,2,1
1,1.6,0,1,1,1,0,120.9,21.9,2,0
1,10.4,1,1,1,1,1,146.7,39.5,1,1
0,10.8,0,0,0,1,0,207.4,31.5,3,0
1,37.8,1,1,0,3,0,79.2,31.9,2,1
0,10.4,1,0,1,0,1,136.9,25.0,3,0
1,46.5,1,0,0,1,0,85.4,34.3,2,1
0,12.7,0,1,1,0,0,70.0,35.3,3,0
0,63.1,1,0,0,4,1,50,30.9,2,1
0,0.8,1,0,1,4,0,50,24.0,3,0
0,65.5,0,0,0,2,1,100.7,31.2,0,0
1,36.7,1,0,1,3,0,143.4,40.5,3,1
0,59.7,1,1,0,4,1,159.6,42.9,0,1
0,76.3,1,1,1,2,1,188.7,26.2,3,1
1,11.7,0,1,0,1,1,126.4,12.9,2,0
1,15.0,1,1,1,1,1,164.5,33.0,2,1
0,6.2,0,1,0,1,1,204.6,22.2,2,0
1,50.8,0,0,1,0,1,158.0,26.1,0,1
0,63.1,0,0,1,1,1,127.3,18.3,1,0
0,20.6,1,0,1,1,1,50,17.6,0,0
0,19.6,1,0,1,4,1,109.4,24.3,0,0
1,58.0,0,1,0,3,0,101.2,19.4,3,1
0,51.0,1,1,0,1,1,62.8,37.6,2,1
0,63.2,0,0,0,4,1,143.5,29.3,3,1
1,54.2,0,1,1,4,0,50.6,25.9,3,1
1,52.9,0,1,0,3,1,75.7,30.1,3,1
1,66.5,0,0,1,2,0,152.3,38.2,3,0
1,31.8,1,0,1,2,1,171.4,23.8,1,1
0,27.4,1,0,0,1,1,50,25.8,3,0
1,44.2,1,0,1,4,0,57.6,18.1,3,1
1,47.8,1,0,0,0,0,100.5,31.9,3,1
0,15.1,0,1,1,0,0,50,30.5,2,0
1,38.2,1,1,1,0,0,119.6,20.4,0,1
1,78.7,1,1,0,0,1,132.3,25.7,2,1
1,80.6,0,0,0,2,1,91.6,38.0,2,1
0,51.0,0,0,0,3,0,79.3,37.3,3,1
1,63.8,0,1,1,3,1,182.4,36.2,0,1
1,2.5,1,1,0,1,0,167.9,33.0,2,1
1,52.6,1,1,1,1,0,177.4,30.8,1,1
1,13.1,0,0,1,1,0,70.6,25.6,0,0
0,80.7,1,0,1,0,0,112.0,36.0,2,1
0,11.2,1,1,1,2,1,106.3,29.0,0,0
1,16.8,1,0,0,1,0,85.0,34.4,0,0
0,51.6,0,0,0,2,1,89.5,41.3,1,0
0,30.8,0,0,1,2,1,191.0,14.9,2,0
1,58.2,0,0,1,1,0,213.8,23.9,1,0
1,14.5,1,0,1,0,1,90.9,34.2,3,1
1,74.3,1,1,1,2,1,115.6,32.4,2,1
1,60.3,1,1,0,4,0,106.6,31.3,0,1
1,78.8,1,0,0,1,1,140.4,36.4,2,1
1,44.8,1,0,0,2,1,110.1,23.5,3,1
0,50.1,0,1,1,3,1,89.9,36.3,1,1
0,54.3,1,1,1,0,0,80.5,33.3,2,1
0,35.8,0,0,0,0,1,50,36.0,2,0
1,13.2,1,0,1,1,1,75.2,31.8,3,0
0,10.3,1,0,0,0,0,50,29.5,1,0
0,18.6,0,0,1,1,1,106.5,10,2,0
0,24.7,0,1,0,3,0,144.4,32.4,2,1
1,56.8,0,0,1,4,1,69.7,13.4,1,0
1,4.5,0,1,1,3,1,143.7,30.0,3,0
1,16.3,1,1,0,4,1,154.4,29.6,1,1
1,45.3,0,0,1,4,0,119.5,26.2,1,0
0,16.5,0,1,1,1,1,82.5,35.6,1,0
0,63.3,0,0,1,1,0,90.8,32.6,2,1
1,27.6,0,1,0,0,0,118.7,42.8,2,1
0,17.0,1,1,0,1,0,110.7,35.5,0,1
1,53.7,1,0,1,0,1,113.3,31.5,1,1
1,26.6,0,1,1,3,1,50,28.3,0,0
1,8.8,1,0,0,2,1,74.7,23.7,1,0
1,65.3,0,0,1,1,0,74.4,41.4,2,1
1,72.5,1,1,1,0,1,104.4,28.8,3,1
1,13.2,1,1,1,1,0,123.3,33.7,2,1
0,56.2,1,1,1,3,1,131.1,34.6,2,1
0,5.7,1,1,0,2,1,98.7,43.3,1,1
1,58.1,1,0,1,3,1,107.9,33.0,1,1
0,73.5,1,1,0,4,0,95.7,32.2,1,1
0,75.8,0,0,0,2,0,110.8,45.3,3,1
0,64.3,0,1,1,3,1,122.7,26.3,3,1
0,32.0,1,1,0,4,1,113.8,33.1,3,1
0,26.3,0,0,0,2,0,84.7,24.4,1,0
0,53.9,0,1,0,3,1,98.8,23.6,0,1
0,35.6,0,1,0,0,1,124.3,21.5,1,1
1,61.7,0,1,1,1,1,130.8,38.6,1,1
1,22.2,1,0,1,3,1,157.8,31.0,2,1
1,3.5,1,1,0,3,0,71.4,26.0,1,0
0,5.7,0,1,0,2,0,98.4,26.7,3,0
0,78.7,0,1,1,4,1,124.0,30.6,1,1
1,2.7,1,1,1,2,0,108.3,22.1,2,0
0,9.9,0,1,1,2,1,205.0,32.1,3,1
0,31.1,1,1,0,2,1,59.6,27.8,0,0
1,32.1,1,0,0,4,1,134.2,46.2,3,1
0,34.1,0,1,1,0,0,98.2,29.9,0,0
0,35.0,1,1,0,1,1,145.8,22.6,2,1
0,13.7,1,0,1,4,0,88.0,30.4,1,0
1,1.9,0,1,0,0,0,120.2,30.3,2,0
1,68.0,0,1,0,3,0,149.8,33.5,3,1
0,62.1,0,0,1,3,0,156.7,29.1,2,0
1,48.1,0,1,1,4,1,91.1,26.4,2,1
0,58.0,1,0,1,4,1,50,24.4,3,0
1,56.5,1,1,0,0,0,139.6,25.2,0,1
0,27.9,0,0,0,0,0,153.2,13.8,2,0
0,11.1,0,1,0,4,1,164.7,25.1,0,0
0,79.6,1,1,1,2,1,124.7,34.4,3,1
1,16.5,0,1,0,4,0,177.5,28.7,2,1
0,6.3,0,0,1,4,0,146.7,40.2,2,0
0,33.3,0,0,1,3,1,92.8,29.4,3,0
0,4.0,1,1,1,0,0,99.9,44.6,3,1
1,57.8,1,1,1,0,0,50,33.2,3,1
1,21.2,1,1,0,0,0,201.9,30.4,3,1
0,15.1,0,0,0,1,1,73.8,35.4,2,0
0,64.7,0,0,1,3,1,78.4,17.4,3,0
0,80.8,0,0,0,2,0,118.0,23.4,3,1
1,46.3,1,1,0,3,0,126.3,43.0,0,1
1,47.1,0,1,1,2,1,125.7,23.5,3,1
0,38.1,1,0,0,3,0,50,28.7,2,0
0,5.1,0,0,1,0,1,86.0,31.0,3,0
0,56.1,0,0,1,0,1,50,23.9,0,0
1,72.6,1,0,0,3,0,113.5,20.5,0,1
1,32.5,1,0,0,2,0,101.3,24.9,2,1
1,30.1,1,0,0,3,1,173.0,27.5,3,1
0,81.8,1,0,1,2,0,183.6,30.2,1,1
0,18.9,1,0,1,3,1,145.3,34.9,0,0
0,19.2,1,0,1,0,0,139.8,38.8,1,1
1,24.7,0,1,0,4,1,182.2,26.9,0,1
1,26.2,0,1,0,0,0,64.7,17.3,0,0
1,56.2,0,0,1,2,1,117.5,32.8,1,0
0,37.8,0,1,1,4,1,155.7,35.5,3,1
1,44.8,1,0,0,1,0,183.4,24.2,0,1
0,8.6,0,1,0,3,0,171.3,38.0,1,1
1,77.9,0,0,1,3,1,56.0,30.5,0,0
1,34.6,1,0,0,4,1,128.1,29.8,3,1
1,64.6,0,0,1,2,0,97.0,10,2,0
1,61.2,1,1,0,4,0,167.2,38.0,3,1
0,32.3,1,1,1,0,1,113.7,30.6,3,1
1,54.0,0,0,0,0,0,61.6,29.0,0,0
0,37.0,1,0,1,0,0,197.1,38.5,0,1
1,59.6,1,0,1,1,1,190.2,24.8,3,1
1,74.2,0,1,1,4,1,63.7,25.5,0,1
0,77.4,0,0,1,0,1,79.0,24.9,2,0
1,23.8,1,1,0,4,0,151.7,28.2,3,1
0,48.2,0,1,0,3,0,74.6,31.1,0,1
0,6.8,1,1,1,2,0,50,30.2,2,1
1,48.1,1,0,1,2,1,77.5,39.4,1,1
1,61.6,1,1,1,3,1,50,33.5,2,1
1,76.6,0,1,1,3,0,86.0,31.1,2,1
0,34.4,0,0,0,4,0,95.8,22.6,1,0
0,78.5,1,0,1,1,1,94.6,12.3,0,0
0,55.9,0,0,1,3,0,71.1,33.4,2,0
1,72.8,0,0,1,3,0,79.1,28.4,3,1
1,44.3,1,1,0,4,0,122.4,37.9,3,1
0,37.9,1,1,0,1,1,117.6,28.6,1,1
0,14.6,0,1,0,2,1,175.2,27.7,2,1
0,0.3,0,1,0,1,0,200.9,18.7,2,0
1,41.2,0,0,1,4,0,123.2,36.4,1,0
0,61.0,0,0,0,2,0,68.9,38.0,2,0
0,5.8,1,0,0,3,1,51.6,21.5,0,0
1,73.8,0,1,1,4,1,154.7,32.7,0,1
1,13.1,0,1,1,3,0,80.8,34.5,1,0
0,46.6,1,0,0,1,0,59.9,28.6,3,1
1,36.3,0,1,0,1,0,75.8,35.5,2,0
1,7.2,0,1,0,4,1,83.7,29.4,2,1
0,46.9,0,0,0,0,0,120.7,30.2,1,0
1,56.7,0,1,0,4,0,50,10,0,0
1,69.7,1,1,0,3,0,118.3,28.9,2,1
1,0.8,1,1,1,4,0,147.7,14.6,0,0
0,10.7,0,0,1,1,0,114.4,30.6,3,0
0,65.1,1,0,1,0,1,96.3,37.2,3,1
1,52.0,0,1,1,4,1,89.2,33.9,2,0
0,51.2,1,0,1,3,1,160.2,25.4,3,1
1,19.9,0,1,0,2,0,124.4,25.8,1,0
0,34.0,0,0,0,0,0,136.8,30.1,2,0
0,29.4,0,1,1,4,1,50,25.0,1,0
1,37.8,1,1,0,3,0,53.1,27.3,1,1
1,34.1,0,0,1,0,0,120.8,40.9,2,1
0,70.8,0,1,1,0,1,75.5,23.1,3,1
1,63.8,1,0,1,4,0,126.3,32.0,3,1
0,41.0,1,1,1,2,1,50,10,3,0
1,58.3,1,0,1,1,0,183.9,28.5,1,1
0,13.2,1,0,1,3,0,50,29.9,1,0
0,8.0,1,0,1,3,0,74.8,25.0,1,0
1,34.7,0,1,0,1,1,153.5,37.3,2,1
0,62.9,0,0,0,3,0,101.3,32.5,0,0
0,26.7,1,1,0,2,0,103.5,30.1,0,0
1,48.7,0,1,1,4,1,176.1,21.6,1,1
1,56.3,1,0,1,1,0,168.1,24.2,1,1
0,79.3,1,0,0,0,0,90.9,29.0,1,1
1,49.7,1,0,0,2,0,151.4,32.2,1,1
1,4.8,1,0,1,2,1,164.6,40.1,1,1
1,45.0,1,0,0,1,1,177.9,18.2,2,1
1,16.8,0,1,0,1,0,70.5,34.6,3,1
1,16.1,1,1,0,2,0,81.2,27.5,0,1
1,6.8,1,0,1,3,0,90.4,24.5,1,0
0,11.9,0,1,0,1,1,164.0,28.1,3,1
1,29.8,0,0,0,1,1,83.4,20.0,0,0
0,45.6,1,0,0,1,1,96.9,36.1,2,1
0,52.7,1,0,1,4,0,69.5,38.0,0,1
0,74.5,0,0,0,4,1,126.6,31.1,3,1
1,42.2,0,0,0,1,1,75.7,25.9,3,1
0,42.6,1,0,0,1,0,85.9,24.3,3,1
1,70.6,1,1,1,4,0,50,41.5,3,1
0,22.4,0,1,0,3,0,106.4,21.0,3,0
0,26.8,1,0,1,0,0,120.3,30.9,0,0
0,61.1,1,0,0,1,1,87.4,19.1,1,0
1,14.8,1,0,1,3,1,95.6,38.5,2,1
0,45.9,0,1,0,4,1,79.4,18.4,2,0
1,60.5,1,0,1,0,0,123.3,27.9,2,1
0,37.2,1,0,0,0,0,50,27.8,0,0
0,70.9,0,0,1,4,0,108.8,27.2,0,0
0,33.1,0,0,1,4,0,165.9,31.0,2,0
1,67.8,0,1,1,0,0,104.0,17.1,2,1
1,42.1,1,1,1,2,0,50,26.7,0,0
0,14.8,0,1,0,3,1,126.3,34.6,2,1
0,76.6,0,1,1,1,1,138.0,23.9,0,1
1,9.8,1,1,1,0,1,176.0,39.3,3,1
0,2.0,1,1,1,4,1,123.1,26.0,2,1
0,52.7,0,0,1,1,0,68.4,29.2,1,0
0,40.7,0,0,0,3,0,127.8,23.1,2,0
0,74.3,1,1,0,4,1,139.0,35.9,2,1
1,65.7,1,1,1,1,0,218.3,43.4,0,1
0,58.5,1,1,0,0,1,112.5,20.2,2,1
0,40.2,0,1,0,0,0,120.5,19.9,3,0
1,13.8,1,0,0,4,0,56.8,34.6,0,0
0,76.1,1,1,1,2,0,104.8,36.5,1,1
0,11.3,0,1,1,1,0,50,32.4,3,0
1,11.5,0,1,1,3,1,69.2,33.6,0,0
1,22.4,0,0,0,3,0,110.2,20.3,1,0
1,34.5,1,0,0,3,0,50,23.2,3,1
1,41.1,1,0,0,0,1,145.7,30.4,0,0
1,22.1,1,1,1,3,1,50,35.4,1,0
1,43.1,0,0,1,3,0,50,25.6,3,0
1,17.3,1,0,0,2,0,78.6,25.4,2,0
1,74.0,1,0,1,0,1,100.3,18.5,1,1
0,11.4,0,1,0,0,0,50,29.7,1,0
1,70.7,0,0,1,1,1,104.3,42.9,0,1
1,19.0,0,0,0,3,0,135.0,37.0,2,0
0,17.0,0,0,1,3,0,96.0,39.5,0,0
0,36.5,0,0,1,4,0,76.8,41.4,3,0
1,12.7,0,1,1,0,1,138.6,27.5,1,0
0,45.9,0,1,1,4,1,113.9,10.3,3,0
0,45.9,1,0,0,4,1,80.3,16.1,0,0
1,44.6,1,1,0,0,0,52.7,28.1,1,1
0,58.6,1,1,0,1,0,174.5,28.3,1,1
1,1.3,0,1,1,0,0,123.2,24.9,2,1
0,31.0,1,0,1,4,0,78.9,24.8,2,0
0,33.0,1,0,1,2,1,59.3,32.9,1,0
0,5.7,0,0,0,0,0,140.7,43.1,1,0
0,39.8,0,0,0,2,0,79.5,40.9,3,1
1,73.0,1,0,1,2,0,50,36.0,0,0
1,5.8,0,0,0,3,0,131.6,28.8,0,0
0,80.6,0,0,0,2,0,73.8,31.0,2,0
1,54.9,1,0,1,0,1,114.8,21.1,3,0
0,36.6,0,0,1,0,0,121.5,17.9,0,0
1,59.5,0,1,0,4,0,82.5,22.7,2,0
1,26.4,1,1,1,3,0,50,24.7,2,0
1,24.3,1,1,1,3,1,109.7,24.4,0,1
0,7.6,1,0,0,3,0,50,34.6,3,0
0,4.5,0,0,1,3,1,50,21.3,0,0
0,71.9,1,0,0,1,1,50,40.0,0,1
1,42.9,0,0,0,4,0,136.9,39.5,2,0
1,54.4,0,1,1,4,0,100.4,35.7,3,1
1,47.5,1,1,0,2,0,154.2,31.0,2,1
0,15.0,0,1,1,0,1,112.9,19.1,0,0
1,81.1,1,0,1,1,0,58.4,10,2,1
0,40.0,1,0,1,3,1,143.8,27.2,1,1
0,20.5,0,0,1,0,1,55.3,43.7,3,0
1,19.7,0,0,1,0,1,163.4,26.3,0,0
0,19.3,1,0,0,2,0,79.4,23.9,3,0
1,21.0,1,0,0,2,1,172.2,17.5,0,0
1,28.6,1,1,1,1,0,64.4,24.9,0,0
1,60.2,1,1,1,4,1,145.6,36.2,2,1
0,64.3,1,1,1,4,0,129.9,28.0,0,1
0,64.1,1,1,0,4,1,89.9,28.5,3,1
1,60.0,1,0,0,3,0,82.2,30.4,1,1
1,55.5,0,0,1,4,0,77.7,25.6,0,0
1,46.8,1,1,0,4,1,171.4,33.2,3,1
1,30.5,0,1,0,0,1,141.5,31.9,3,0
1,40.7,1,1,0,0,0,150.1,32.5,3,1
0,57.5,0,1,0,3,0,198.3,36.2,1,1
0,41.8,1,1,1,2,0,134.6,36.9,0,1
0,81.1,0,0,1,1,1,132.3,36.2,2,1
1,31.1,0,0,0,2,0,50,32.5,0,0
1,61.0,1,0,0,4,0,141.6,34.5,1,1
1,72.9,1,0,0,2,0,149.1,33.1,2,1
0,34.1,0,1,1,2,1,113.1,31.6,3,1
0,32.0,1,1,0,0,1,165.6,33.6,3,1
1,42.3,1,1,1,0,1,121.1,35.9,2,1
0,71.1,0,0,1,4,1,165.5,37.4,0,1
0,51.7,0,1,0,2,1,144.1,22.1,3,1
1,57.6,1,0,1,1,0,75.3,27.7,1,1
0,3.9,1,0,1,4,0,178.2,27.0,0,1
1,13.4,1,1,0,3,0,111.5,35.5,2,0
0,69.4,1,0,0,3,0,148.0,31.6,3,1
0,23.8,1,0,0,3,0,146.6,22.7,1,1
0,80.1,0,0,1,0,0,91.6,29.5,0,0
0,37.0,1,1,0,4,1,52.9,31.8,0,1
1,16.5,1,0,1,2,0,94.2,17.6,0,0
1,77.7,1,1,0,3,0,50,33.3,0,1
0,70.6,0,0,0,0,1,66.9,29.0,1,0
0,10.5,1,1,1,3,1,99.6,33.0,2,1
0,63.3,1,0,0,4,1,59.6,18.5,0,0
1,17.5,0,1,0,2,1,168.4,29.0,1,1
1,72.6,0,1,1,3,0,93.6,18.6,1,1
1,74.4,1,1,0,1,1,103.0,28.2,2,1
0,15.9,0,0,1,2,1,139.1,26.3,3,0
1,73.3,0,0,0,2,0,92.3,28.0,3,1
1,64.1,0,0,0,0,0,99.4,40.0,0,0
1,17.8,1,0,1,3,1,188.6,31.8,2,1
1,50.6,1,1,1,1,1,50,24.5,3,1
1,13.5,0,0,1,4,0,151.3,24.6,0,0
0,50.9,0,0,0,2,1,108.2,32.3,3,1
0,63.5,1,0,1,4,0,125.9,35.5,2,1
0,9.8,0,1,1,1,1,80.7,23.4,1,0
1,24.6,1,0,0,2,1,108.4,42.6,1,1
0,18.5,1,0,1,4,0,101.9,31.7,1,0
0,8.8,0,0,0,0,1,88.3,17.0,3,0
1,21.4,1,1,1,2,1,82.3,30.1,1,0
1,22.0,1,1,0,2,1,50,27.6,0,0
0,46.8,0,1,0,0,0,136.5,32.2,1,1
0,49.6,1,1,0,4,0,203.3,25.3,1,1
1,48.1,1,0,0,2,1,122.6,22.7,2,1
1,60.6,0,1,1,4,0,172.9,40.3,0,1
0,66.4,0,1,1,0,1,84.4,27.5,3,1
1,30.1,1,1,0,2,0,130.4,23.7,2,1
1,53.9,1,0,0,0,1,106.6,28.8,0,1
1,7.3,1,1,0,2,1,180.4,35.7,1,1
0,58.9,0,1,0,3,1,93.2,25.4,3,1
0,28.8,0,0,0,3,0,86.2,20.4,0,0
1,79.8,0,0,0,2,1,63.2,28.9,3,0
1,75.3,0,1,0,4,0,162.8,36.3,0,1
0,4.1,1,0,1,4,0,99.8,35.9,1,0
1,71.3,1,1,1,2,1,125.7,25.2,0,1
0,13.9,0,0,1,2,0,107.9,52.6,3,0
0,1.5,0,1,0,1,1,122.9,39.6,3,1
1,44.5,0,0,1,2,1,67.3,27.5,3,0
1,13.2,0,1,1,1,0,177.3,28.6,3,0
1,57.4,1,0,0,2,1,111.3,27.8,2,0
0,4.8,0,0,1,2,0,159.7,21.8,1,0
1,29.9,0,0,1,2,1,124.7,44.6,1,1
1,45.2,0,1,0,2,0,159.3,15.8,2,1
0,48.6,0,1,1,0,0,93.9,15.0,0,0
1,29.2,1,0,1,4,1,76.9,26.7,0,0
1,50.6,1,1,1,0,0,94.8,22.2,0,0
1,12.8,1,0,0,3,0,115.7,25.7,3,0
1,19.6,1,0,0,4,0,126.4,13.8,2,0
0,29.3,0,1,1,1,0,159.3,30.4,0,1
1,56.1,1,0,1,1,0,115.1,32.4,0,1
0,81.6,1,1,1,4,1,72.4,23.5,2,1
0,39.6,1,1,1,0,1,88.5,39.4,3,1
1,73.5,1,0,1,2,1,50,36.9,3,1
1,63.5,0,1,0,2,0,75.1,27.2,2,1
1,49.1,1,0,1,3,0,110.1,27.5,1,1
0,45.6,0,1,1,4,1,93.0,27.0,3,1
1,22.1,0,0,0,3,0,160.8,41.4,3,0
0,32.7,0,0,1,4,1,114.4,18.4,1,0
1,56.3,0,1,0,3,0,141.9,23.5,3,1
0,72.2,0,1,1,2,1,58.4,39.2,0,1
1,11.2,0,1,1,0,1,153.3,33.3,3,0
0,68.2,0,1,1,0,0,50,29.4,1,1
1,7.3,0,0,0,3,1,50,34.5,3,0
0,80.2,0,0,1,4,1,143.2,26.0,0,0
0,81.4,1,1,0,1,0,167.3,21.9,2,1
1,30.8,0,1,1,2,0,148.4,41.6,0,1
0,5.0,0,0,0,2,0,121.7,25.7,3,0
0,18.2,1,0,0,4,1,90.3,25.2,2,0
0,73.2,1,1,0,2,0,97.4,16.0,3,1
1,1.1,0,1,0,3,1,50,27.5,2,0
1,66.2,1,1,1,2,0,52.9,34.4,2,1
0,31.1,1,1,1,3,1,139.0,28.6,3,1
1,21.0,1,1,1,2,0,131.8,15.5,2,1
0,77.2,1,0,0,1,1,52.7,30.3,2,1
0,80.8,1,1,0,4,1,122.9,38.2,1,1
0,29.7,0,1,0,4,1,171.0,33.5,2,1
1,27.0,1,1,1,4,0,164.3,36.8,1,1
1,15.3,1,0,0,0,1,50,25.5,3,0
1,26.0,0,0,0,4,1,146.4,24.2,2,0
0,46.7,0,0,1,3,1,92.8,20.5,0,0
0,33.4,0,0,1,4,1,50,39.3,2,0
0,47.0,1,0,1,3,1,50,24.0,1,1
1,61.4,1,1,0,1,1,50,27.2,3,1
0,53.4,0,0,1,1,1,85.9,35.6,1,0
1,17.1,0,0,0,2,1,146.4,19.9,0,0
1,57.3,0,0,1,2,0,65.6,24.4,3,0
0,27.7,1,1,1,2,1,78.2,36.4,0,1
0,76.2,0,1,0,1,1,107.5,25.9,0,1
0,13.9,1,0,1,2,1,181.9,27.6,2,1
0,60.2,1,1,0,0,1,91.7,28.4,1,1
0,52.1,1,0,0,3,0,84.0,20.3,3,0
1,46.0,0,0,1,2,1,98.5,40.8,3,0
0,40.4,0,1,0,3,1,73.9,26.2,3,1
1,54.6,1,0,1,4,1,96.7,39.6,0,1
1,7.4,0,1,0,0,0,110.4,39.0,3,0
0,36.2,0,0,1,2,1,50.5,23.6,0,0
1,33.4,0,0,1,0,1,136.7,33.1,1,0
0,60.2,0,1,1,3,1,50,31.0,2,1
1,69.0,1,0,0,0,1,119.3,34.7,3,1
1,41.1,1,1,1,0,0,50,26.8,2,1
1,79.2,0,1,1,3,1,108.7,25.5,2,1
1,2.8,0,0,1,2,1,176.9,32.3,0,0
1,55.3,0,1,1,0,0,119.2,26.7,2,1
0,39.2,1,0,0,3,0,132.1,30.3,3,1
1,58.8,1,1,0,3,1,50,35.1,3,1
1,46.5,1,1,1,4,0,103.4,28.5,3,1
0,13.1,1,1,1,2,1,91.5,14.2,2,1
0,53.8,1,0,0,3,0,127.2,38.3,1,1
1,14.4,0,1,1,0,1,100.3,29.9,3,1
1,61.9,0,0,1,4,0,127.5,34.3,0,1
0,18.9,0,0,0,3,0,150.2,35.4,1,0
1,12.7,0,0,0,3,0,103.9,19.3,1,0
1,41.1,0,1,1,4,1,98.3,32.4,3,1
0,79.0,0,1,1,0,1,100.9,27.3,3,1
0,57.7,1,0,1,0,1,145.9,27.4,1,1
0,78.9,0,0,1,1,1,107.9,30.8,2,1
1,27.0,0,1,1,1,0,91.7,30.6,2,0
0,33.2,0,1,0,1,1,56.7,19.6,1,0
0,54.6,0,1,0,1,0,95.3,16.7,2,0
0,10.5,0,0,1,0,0,109.7,29.7,3,0
0,13.8,0,1,1,3,0,205.5,23.6,0,0
0,49.1,1,1,1,3,1,151.8,39.0,0,1
0,47.0,0,1,0,1,0,145.2,48.2,0,1
1,44.4,1,0,0,0,1,91.3,33.4,1,1
1,11.3,0,0,1,0,1,103.6,29.4,2,0
0,43.1,0,0,0,2,1,137.1,21.8,3,0
0,46.8,0,1,1,4,0,50,41.6,1,1
1,47.8,1,0,1,4,1,159.9,17.7,1,0
1,36.1,0,1,0,2,0,50,28.4,2,0
1,33.0,0,1,1,2,1,108.9,27.7,2,1
0,4.0,0,0,0,3,0,161.2,19.6,1,0
0,24.6,1,1,0,3,1,168.4,34.3,2,1
0,35.4,0,1,1,1,0,92.6,38.9,3,1
1,8.0,0,0,0,3,0,105.1,22.4,3,0
1,44.2,1,1,1,2,1,129.6,17.6,3,1
1,72.2,0,1,1,3,0,155.5,38.4,1,1
0,26.1,0,0,1,3,1,91.8,35.1,3,0
0,7.1,1,1,0,0,0,50,30.0,0,0
0,63.8,1,1,1,4,0,105.6,33.8,2,1
0,82.0,1,1,1,0,0,129.5,22.6,3,1
0,10.0,0,1,0,3,1,65.6,12.9,3,0
0,18.9,1,0,1,3,0,159.5,23.3,3,1
1,61.4,1,0,0,0,0,100.8,18.5,0,0
1,10.9,0,0,1,4,0,129.1,27.6,3,0
1,11.5,1,0,0,0,1,104.5,36.0,2,0
0,57.3,1,1,0,3,0,145.3,32.7,1,1
0,70.2,0,0,1,0,1,61.4,28.4,1,0
1,13.7,1,1,0,2,1,123.9,27.5,3,1
1,52.3,0,0,1,3,0,157.7,30.4,2,1
0,63.6,1,0,0,4,0,169.0,32.9,2,1
0,35.3,0,0,1,0,0,171.0,19.1,0,0
1,16.3,1,0,0,0,1,121.2,35.0,0,1
0,58.9,0,1,1,3,0,87.6,23.1,2,1
1,75.0,0,0,1,4,0,110.2,35.5,1,1
0,19.7,1,1,0,4,1,152.7,41.3,3,1
1,46.6,1,0,1,4,1,77.0,25.7,0,0
0,46.4,0,0,1,1,1,95.2,25.6,2,0
0,16.9,1,0,1,2,0,104.1,22.4,3,0
0,55.8,0,0,0,1,1,135.2,33.3,1,0
1,79.5,0,0,1,2,0,110.0,36.1,0,0
1,11.7,0,1,0,3,1,164.5,28.7,1,0
0,15.6,0,1,1,4,0,117.1,24.0,1,0
0,45.7,1,1,1,3,0,112.8,33.4,0,1
0,26.8,0,1,0,2,1,134.1,40.4,0,1
0,53.3,0,1,0,0,1,115.4,21.0,0,1
1,81.5,1,0,1,4,0,145.9,30.8,2,1
1,78.2,0,0,1,2,0,54.4,17.9,3,1
1,51.0,1,0,0,1,0,85.9,23.1,2,1
0,46.6,0,1,0,3,1,108.2,31.7,0,1
0,66.5,1,0,1,0,0,94.7,28.2,1,1
1,26.9,1,0,0,3,0,50,22.1,1,0
1,13.0,1,1,0,0,1,95.2,28.0,0,0
1,42.5,0,0,1,4,0,138.5,35.2,1,0
1,0.5,1,0,1,0,0,139.0,32.3,2,0
1,16.9,0,0,1,4,1,168.9,36.6,1,0
1,7.6,0,0,1,1,0,171.3,28.0,2,0
1,73.6,1,1,1,1,0,85.1,32.0,1,1
1,58.5,1,1,1,4,1,94.6,29.4,2,1
1,11.4,0,0,0,0,1,50,43.7,3,0
0,39.0,1,1,0,1,1,77.9,31.0,3,1
1,20.6,0,0,0,4,1,157.1,34.5,2,1
0,17.7,0,0,1,3,0,61.8,38.5,3,0
1,77.9,1,1,0,2,1,72.9,29.7,1,1
0,21.5,1,1,1,2,1,99.5,34.5,2,1
0,1.3,0,0,1,2,1,98.0,22.5,3,0
0,50.5,0,1,1,4,1,131.0,16.2,3,1
1,79.6,1,1,1,4,1,137.9,17.0,2,1
0,24.0,1,1,1,0,1,50,27.8,2,1
0,28.4,0,0,0,1,0,63.5,24.4,0,0
1,23.7,1,1,0,1,1,50,11.0,3,0
1,42.7,1,1,0,2,1,97.1,27.6,2,1
1,63.2,1,1,1,4,0,110.7,30.7,1,1
0,71.5,0,0,0,3,1,155.3,32.0,1,1
0,22.1,1,0,0,0,0,108.3,28.0,0,0
0,1.0,1,1,0,1,1,173.8,33.0,1,1
0,18.7,0,0,0,4,0,85.8,45.3,2,0
1,32.8,0,1,1,0,1,156.0,35.2,1,1
0,16.8,0,1,1,4,1,146.8,26.0,3,0
1,15.8,1,0,0,1,0,117.7,34.0,0,0
1,15.4,1,0,0,0,1,50,31.0,1,0
0,62.3,0,0,1,1,0,177.7,22.4,3,1
1,44.5,1,1,1,1,1,103.5,19.7,3,1
1,27.6,0,1,1,1,1,50,36.5,3,0
1,70.7,1,1,0,1,0,50,22.3,2,1
0,2.5,1,0,1,4,0,92.1,36.4,2,0
0,56.3,0,1,0,3,0,71.2,25.5,0,0
1,27.8,0,0,0,0,0,114.6,31.0,3,0
1,79.4,0,1,0,0,1,85.2,30.2,3,1
0,55.5,0,1,0,0,1,50,43.1,2,1
0,21.1,0,0,0,3,1,115.7,29.8,2,0
1,71.5,0,1,0,1,0,104.1,40.2,2,1
1,44.0,1,1,1,4,1,101.3,33.1,1,1
1,16.1,1,1,1,0,0,50,38.4,1,1
1,38.7,0,0,1,1,0,152.1,13.0,3,0
1,30.0,1,0,0,3,1,61.0,14.6,0,0
1,81.0,1,0,1,2,0,50,13.8,1,1
0,19.9,1,1,1,4,0,135.4,32.4,3,1
1,69.7,1,0,0,2,1,53.7,35.4,1,0
1,29.8,1,0,1,1,1,130.2,41.0,2,1
1,70.0,0,0,0,0,1,144.1,33.7,0,1
1,20.9,1,0,1,4,0,88.6,18.6,1,1
1,43.9,1,0,0,1,1,95.7,28.6,3,1
0,64.0,1,1,0,3,1,105.3,32.1,3,1
1,64.7,1,0,0,3,1,124.9,26.7,1,1
0,24.7,0,0,1,1,1,183.1,29.1,3,0
0,26.3,0,0,0,1,1,151.6,33.3,3,1
1,35.4,1,1,0,3,0,103.0,37.4,3,1
1,70.1,1,1,0,1,1,140.0,34.0,3,1
1,47.5,1,0,0,0,1,76.3,24.0,2,0
0,61.1,0,1,0,2,0,100.5,30.9,2,1
0,79.6,1,1,0,3,1,141.6,29.3,3,1
0,37.4,0,1,0,1,0,83.8,15.7,0,0
1,12.8,0,0,1,1,0,80.2,24.2,2,0
0,69.1,0,0,1,2,0,115.5,25.6,1,0
0,5.5,0,0,0,1,0,128.1,15.9,2,0
0,80.7,0,0,0,4,1,50,21.2,2,0
1,5.4,1,0,1,1,1,118.4,29.0,3,1
1,75.9,1,0,0,0,1,50,30.7,0,1
0,22.3,0,1,1,1,1,132.2,28.5,0,0
1,65.3,0,1,0,2,1,135.8,25.0,3,1
1,1.6,0,1,0,2,1,50,36.6,1,0
1,59.8,1,0,0,3,0,161.0,24.2,0,0
1,38.8,1,1,1,2,1,124.0,14.2,3,1
0,30.6,0,0,0,1,0,98.7,24.3,0,0
1,44.8,1,1,1,0,1,139.4,28.2,2,1
0,61.6,1,0,1,2,1,150.2,22.9,0,1
1,23.5,0,1,1,3,1,90.5,34.0,2,1
0,72.6,1,1,0,2,0,91.9,29.2,2,1
0,50.0,0,1,1,3,0,129.0,36.9,3,1
0,35.1,1,0,0,0,0,50,24.0,3,0
1,49.2,0,0,1,2,0,149.8,13.6,1,0
0,33.9,0,0,1,1,1,72.9,25.5,3,0
0,78.0,1,0,1,3,0,96.9,21.4,0,1
1,47.2,1,1,0,2,1,84.4,37.3,0,1
1,18.5,1,0,0,4,0,50,32.8,2,0
0,75.4,0,0,0,3,0,50,33.2,3,1
0,33.6,1,1,1,0,0,87.3,29.2,2,1
0,79.4,0,1,0,3,0,56.3,32.5,3,1
1,18.0,1,1,0,0,1,161.2,36.6,3,1
1,23.6,1,1,0,2,1,134.1,32.1,1,1
0,59.0,1,0,0,0,1,75.4,21.2,0,1
0,42.9,0,1,1,2,0,139.9,38.5,1,1
0,2.7,1,0,0,3,0,120.5,38.1,1,0
0,20.9,1,0,1,3,0,101.0,34.8,0,0
0,36.9,0,0,1,3,0,96.2,27.2,1,0
0,75.6,0,1,1,0,1,138.5,33.9,0,1
0,62.6,0,0,1,3,0,121.8,40.2,3,1
0,63.7,0,1,0,1,1,50,26.5,0,0
1,77.2,1,0,0,1,1,140.5,26.4,1,1
1,22.1,1,1,1,4,0,86.3,38.3,1,1
1,53.3,1,0,1,4,1,98.6,31.3,3,1
0,76.2,0,1,0,4,1,82.9,26.8,3,1
0,9.5,1,1,1,3,1,105.8,42.2,2,1
1,37.6,1,1,0,3,0,102.7,26.3,1,1
0,68.0,1,0,0,3,0,124.4,39.1,3,1
0,77.6,1,0,1,0,0,80.3,27.4,0,0
1,47.7,1,0,0,4,1,173.4,32.0,1,1
1,61.1,0,0,0,4,1,65.1,29.3,3,0
1,35.8,0,0,1,2,0,71.9,27.7,1,0
1,21.7,1,0,1,0,0,154.6,19.3,0,1
0,52.1,0,0,0,2,0,134.7,12.5,0,0
0,78.5,0,0,0,4,1,50,23.4,3,0
0,0.6,1,0,1,0,1,50,33.1,2,0
0,5.7,1,0,1,1,1,52.6,29.5,0,0
1,30.3,1,0,0,2,1,94.8,11.2,2,1
0,2.4,1,1,0,0,1,94.1,28.2,0,1
0,67.5,1,1,0,2,1,154.1,29.5,3,1
0,17.7,1,0,0,2,0,117.4,28.0,0,0
1,62.5,0,0,0,2,0,170.0,31.7,2,0
1,39.1,1,0,1,1,0,81.2,17.5,1,0
1,18.9,1,1,0,4,0,112.7,20.4,3,1
0,43.2,0,1,0,4,0,169.7,20.5,3,0
0,81.3,1,1,1,3,0,143.5,30.4,1,1
1,1.7,0,1,1,1,0,77.8,26.5,1,0
0,55.3,1,1,1,2,1,146.1,26.9,2,1
0,32.2,0,0,0,2,1,112.2,23.5,0,0
1,78.8,1,1,0,3,0,53.5,24.1,2,1
1,76.5,1,1,1,1,1,66.1,25.8,2,1
0,30.5,1,0,0,1,1,50,18.3,1,0
1,75.2,1,0,1,0,1,129.0,31.3,1,1
1,49.4,0,1,1,0,0,106.4,32.7,2,1
0,67.9,0,0,1,3,1,105.3,31.8,2,1
1,36.6,0,1,1,3,1,116.2,25.8,3,0
0,38.3,1,0,1,1,0,97.0,38.3,3,1
1,56.3,0,1,0,0,1,104.3,42.0,2,1
0,8.3,0,0,0,2,1,153.8,24.1,3,0
1,8.5,0,1,0,1,1,110.3,38.8,3,0
0,81.3,0,0,0,2,1,93.9,31.7,2,0
1,12.7,0,0,0,1,0,50.6,27.0,3,0
1,46.8,1,0,0,4,0,131.1,16.0,3,1
1,30.6,0,1,0,4,0,79.1,33.4,3,0
0,50.2,0,0,0,2,1,72.7,17.6,1,0
1,43.3,1,1,0,4,1,175.3,25.4,2,1
0,9.3,0,0,1,0,1,157.8,20.6,0,0
1,56.5,0,0,0,1,1,125.6,33.2,3,0
1,76.9,0,1,1,4,1,94.7,43.0,0,1
0,73.0,0,1,0,4,0,91.5,32.3,2,1
0,41.0,0,0,1,0,0,172.4,28.6,0,0
1,36.0,1,0,1,4,1,130.9,36.0,2,1
1,51.1,1,0,1,3,1,89.2,36.5,3,1
1,56.2,0,1,1,4,0,71.2,30.4,0,0
1,75.1,1,1,1,3,0,140.4,18.5,1,1
1,50.0,1,1,0,0,1,120.7,35.2,1,1
0,56.7,1,0,0,1,1,116.4,40.4,3,1
0,12.1,1,1,1,4,1,117.1,28.5,1,1
1,74.7,0,0,0,1,1,177.1,32.8,1,1
0,8.9,1,1,1,1,0,68.5,34.1,0,1
1,39.1,1,0,0,0,1,89.1,15.3,0,0
0,63.4,1,1,0,0,0,128.3,19.8,0,1
0,59.0,0,1,1,3,1,76.0,10,2,0
1,9.8,0,0,1,2,1,50,23.7,3,0
0,73.2,0,0,0,3,0,67.6,30.1,0,0
1,78.2,0,1,0,3,0,50.9,27.3,2,0
1,77.7,0,0,1,4,0,124.6,27.8,0,1
0,64.8,1,1,0,3,1,120.2,38.6,0,1
1,75.2,0,0,1,0,0,111.6,33.2,3,1
1,74.6,1,1,0,3,0,64.5,22.0,0,1
0,55.0,1,0,0,3,0,103.1,31.1,1,1
0,0.7,0,0,0,3,1,139.0,34.3,3,0
1,68.2,1,0,0,0,0,111.9,37.3,1,1
0,23.4,1,0,1,1,0,165.4,37.0,3,1
1,48.8,1,0,0,2,0,98.3,34.7,1,1
0,38.4,1,0,0,3,0,50,39.1,3,0
1,77.2,0,0,0,2,0,104.9,41.1,3,1
1,64.1,1,1,1,1,1,120.4,29.7,3,1
0,13.4,1,1,0,4,1,123.2,26.7,1,0
1,76.5,0,0,0,0,0,196.9,35.4,1,1
1,44.5,0,1,0,3,0,205.7,23.1,3,1
0,75.7,1,0,0,3,1,126.9,24.1,1,1
1,28.7,0,0,0,3,1,139.4,19.6,1,0
0,78.4,0,0,1,2,1,146.2,20.1,2,1
0,15.1,1,1,0,4,0,111.2,29.4,1,1
1,33.3,1,1,1,3,0,94.7,22.2,0,1
1,46.6,0,1,1,2,1,72.5,39.6,1,1
1,21.0,1,0,0,0,0,85.9,18.7,1,0
1,74.1,0,1,0,4,0,98.7,23.9,0,1
0,76.0,1,0,1,0,0,69.1,18.9,2,1
1,12.3,0,0,1,4,0,118.6,22.1,1,0
0,32.0,1,0,0,3,1,101.7,26.3,2,0
1,63.4,1,0,1,0,1,107.9,19.0,1,1
1,60.0,0,0,0,0,1,50,36.5,0,0
0,46.9,0,0,1,2,1,77.0,26.6,1,0
1,24.5,1,1,0,3,0,99.5,37.3,1,1
1,16.0,1,0,1,3,0,50,23.5,2,0
1,52.1,0,1,0,1,1,101.0,35.7,0,1
0,64.4,0,1,0,2,1,62.9,28.3,3,1
1,76.4,0,1,0,3,1,114.3,30.8,0,1
1,4.4,0,0,0,3,0,102.8,26.1,1,0
1,78.0,0,0,0,0,1,124.1,37.0,0,0
0,0.3,1,1,0,4,1,85.1,24.1,1,0
1,26.0,1,1,1,0,0,50,24.9,3,1
0,71.6,1,1,1,3,0,61.6,31.2,1,1
0,25.3,1,0,1,3,1,60.2,24.8,3,0
1,0.5,0,0,0,0,0,83.8,23.3,3,0
1,16.2,1,1,1,3,0,245.2,30.3,1,1
0,25.2,0,1,0,4,0,127.0,30.1,3,1
1,18.0,1,1,1,3,1,97.4,38.1,2,1
1,75.2,0,0,1,0,1,95.1,24.5,3,1
1,60.5,1,0,1,0,1,60.3,30.4,1,0
1,29.6,0,1,0,1,0,197.6,38.7,3,1
1,13.6,0,1,0,1,1,107.0,23.7,2,0
0,73.7,0,1,0,2,1,81.3,15.7,1,1
1,57.3,1,0,0,3,0,97.4,19.8,2,1
1,2.4,0,0,1,3,1,108.4,30.5,1,0
0,57.3,0,1,0,4,1,60.6,32.5,2,1
1,32.6,1,1,0,1,1,91.3,31.2,2,1
0,11.5,0,0,0,0,1,178.6,13.2,2,0
0,48.7,0,1,1,2,0,104.0,40.1,2,1
0,76.9,1,1,0,1,0,57.7,29.4,2,1
0,70.2,0,1,0,2,0,157.6,21.1,2,1
0,72.6,1,1,0,1,1,86.3,27.1,3,1
1,75.8,1,0,1,0,0,50.1,28.5,0,1
1,63.5,0,1,1,3,0,86.4,17.0,3,0
0,80.6,0,0,1,0,0,103.1,23.3,3,1
0,36.0,0,1,0,4,0,160.2,24.2,1,1
1,33.3,0,0,0,0,0,137.9,19.6,2,0
0,63.8,1,1,0,4,0,145.8,24.9,3,1
0,17.9,1,0,0,0,1,161.9,19.9,1,1
0,20.2,1,1,1,4,1,99.1,27.9,2,0
0,35.3,1,1,1,0,0,124.4,35.4,2,1
0,58.0,1,1,0,4,0,92.8,24.8,3,1
0,39.6,0,0,0,4,0,151.8,27.8,0,1
0,65.1,0,0,0,0,1,113.1,33.0,0,1
0,50.0,0,1,1,1,0,140.8,40.8,2,1
1,43.8,0,1,1,0,1,127.7,31.0,0,1
1,10.2,1,1,1,0,0,81.2,31.8,1,1
1,38.8,1,1,0,4,0,102.6,10,3,1
1,72.4,1,1,0,1,0,83.7,34.9,3,1
1,41.0,1,0,0,3,0,118.3,10,1,0
0,7.2,0,0,1,2,1,193.4,28.2,1,0
0,49.0,0,1,0,3,1,120.8,35.8,0,1
1,18.6,0,0,1,1,0,84.9,25.8,2,0
1,66.2,1,0,1,1,0,98.6,43.8,1,1
0,80.7,1,1,1,2,1,50,22.7,1,1
1,76.4,1,0,0,1,1,50,21.7,2,1
0,49.8,0,1,0,1,0,102.7,35.7,3,1
0,25.3,0,1,0,3,0,117.6,22.0,2,0
0,14.2,1,1,0,2,1,81.7,25.7,1,1
1,52.4,1,0,1,0,1,93.1,28.9,2,1
0,2.3,1,0,0,1,0,99.5,31.3,1,0
1,6.0,1,1,0,0,0,116.2,29.3,0,0
1,8.7,0,1,0,0,1,67.5,28.1,1,0
1,21.1,0,0,1,4,0,183.1,30.8,2,0
0,2.4,0,1,0,0,0,97.5,22.7,3,0
0,43.8,0,0,1,3,0,162.6,28.1,1,0
0,79.0,1,1,1,3,0,138.6,31.1,0,1
0,47.3,0,1,1,1,0,50,32.0,0,0
1,41.2,1,0,1,2,0,133.0,36.1,3,1
0,22.4,0,1,1,3,0,75.7,26.4,0,0
1,3.6,1,1,0,4,0,116.6,25.7,3,1
0,29.9,1,0,0,2,0,107.4,33.3,1,1
1,4.3,0,0,0,2,0,50,34.0,2,0
0,79.6,0,0,0,1,1,70.0,33.4,2,1
0,7.4,0,1,1,1,1,50,26.2,0,0
1,56.4,1,0,1,2,1,52.5,28.4,0,1
1,22.9,0,1,1,2,1,68.6,34.1,2,1
1,16.2,1,0,0,1,0,72.8,40.7,0,0
0,47.7,0,1,0,3,0,50,37.5,0,0
0,7.9,1,1,1,4,1,50,26.4,1,0
0,16.1,0,0,1,2,0,151.8,26.7,0,0
0,56.9,1,1,1,3,0,50,28.4,0,1
0,24.3,1,1,0,0,0,139.5,30.8,1,1
0,73.6,1,1,0,3,1,105.9,20.7,1,1
1,23.5,0,1,0,3,1,85.4,33.1,0,0
1,3.3,1,1,0,1,1,121.0,27.1,3,0
0,41.7,0,0,1,2,1,50,18.5,0,0
1,64.3,1,0,0,4,0,146.3,17.8,0,1
0,53.8,1,0,1,2,0,133.9,24.3,2,1
0,49.5,0,1,1,2,1,154.1,40.0,2,1
0,37.9,0,1,0,4,1,51.5,24.8,0,0
1,26.7,1,0,1,2,1,155.0,31.9,1,0
0,43.4,0,1,0,2,0,157.1,30.5,2,1
0,41.2,0,1,1,4,1,106.9,20.2,3,1
0,27.1,0,0,1,1,1,108.3,29.9,3,0
1,32.5,1,0,1,0,0,65.8,30.2,2,1
1,7.1,0,1,0,1,0,119.9,37.2,2,1
1,32.8,0,0,1,3,1,97.9,22.5,0,0
1,12.7,1,1,1,4,1,168.8,26.0,2,1
1,59.1,1,0,1,2,0,172.2,28.0,0,1
1,12.8,1,1,0,4,1,157.1,41.5,2,1
0,37.1,0,0,1,2,1,124.5,37.3,3,0
1,45.8,0,1,0,4,1,154.5,26.5,0,1
0,39.3,1,0,1,3,1,50,20.8,1,1
0,70.0,1,1,1,2,1,106.9,24.1,0,1
0,19.1,0,1,0,4,0,130.4,19.4,0,0
0,77.0,1,1,1,3,0,83.5,24.7,1,1
1,1.0,0,0,1,4,1,81.3,27.3,0,0
0,65.2,1,1,1,3,0,102.9,30.9,0,1
1,5.7,1,1,1,3,0,73.0,23.7,0,0
0,73.7,0,0,1,3,1,108.4,20.7,2,0
0,50.6,0,0,1,3,1,146.7,30.2,3,1
0,2.0,1,0,0,0,0,87.9,32.5,0,0
1,28.0,1,0,1,3,1,69.4,16.6,1,0
0,57.8,1,1,0,3,0,152.7,31.2,0,1
0,74.2,1,1,0,2,1,127.0,41.6,1,1
0,15.0,1,0,0,3,0,197.8,25.4,2,0
0,23.7,1,0,1,0,0,133.6,35.2,3,1
0,37.0,0,0,0,1,1,86.8,35.1,1,0
0,44.7,1,0,0,2,0,165.6,33.2,0,1
1,21.9,1,0,1,3,1,128.4,33.5,0,1
0,19.5,0,0,0,3,0,73.3,18.8,1,0
1,23.4,1,0,0,1,0,123.0,31.5,2,1
0,52.0,0,1,0,0,1,137.1,20.3,3,1
0,77.9,1,0,1,0,1,117.6,29.1,3,1
1,75.4,1,1,0,0,0,135.4,33.4,0,1
1,39.6,0,0,0,3,1,102.7,41.3,2,0
1,72.3,0,0,0,0,1,108.0,19.0,1,0
0,55.0,0,0,1,2,1,136.6,30.2,2,0
0,1.6,0,1,1,2,0,59.5,32.9,3,0
1,40.2,1,0,0,0,0,184.8,34.0,0,1
0,65.8,0,1,1,0,1,157.1,24.2,1,1
1,48.4,0,0,0,1,0,85.9,28.9,3,0
0,6.2,0,0,0,3,0,161.2,20.3,2,0
1,41.6,1,0,0,1,1,202.1,39.4,3,1
1,43.8,0,0,1,1,1,148.5,33.1,3,1
0,75.4,0,0,0,0,1,122.4,23.8,2,1
0,75.7,0,1,0,3,1,99.2,26.5,1,1
0,47.5,0,0,1,0,1,126.4,23.9,2,0
0,71.6,1,1,1,2,0,150.5,33.4,2,1
1,78.9,1,0,1,1,0,110.9,27.6,1,1
0,74.5,1,0,0,0,0,73.4,23.7,2,0
0,40.2,1,0,0,0,1,99.0,35.2,3,1
0,55.0,0,0,0,0,1,115.2,33.6,3,0
1,73.2,1,1,0,1,0,82.0,32.4,3,1
1,11.3,1,1,0,4,1,78.8,39.2,1,0
0,66.8,1,1,0,0,1,55.7,29.9,2,1
0,57.7,1,1,0,0,0,115.9,35.9,2,1
1,5.3,1,0,1,2,1,75.9,22.6,1,0
1,46.5,0,1,1,3,1,50,19.8,1,0
0,78.6,1,0,1,0,0,56.5,27.7,0,1
1,47.8,0,0,1,4,0,137.8,13.3,3,0
1,41.3,1,1,0,4,0,81.7,44.9,1,1
1,64.2,0,0,1,1,1,141.8,22.7,0,0
0,60.1,1,1,0,0,0,171.7,33.0,3,1
1,2.3,0,0,0,1,0,94.5,36.5,2,0
1,60.7,0,1,0,1,1,152.4,31.1,2,1
0,5.5,1,0,0,3,0,50,37.9,0,0
0,51.1,1,1,0,3,1,96.8,29.7,2,1
1,16.9,1,1,1,3,0,174.5,35.8,2,1
0,22.4,1,1,0,2,0,111.9,20.9,0,1
0,31.2,0,1,0,4,1,79.9,21.5,2,0
1,76.8,1,0,0,0,1,183.7,34.5,2,1
1,41.4,0,1,0,1,0,50,23.4,2,1
0,40.6,1,1,0,0,1,129.9,34.1,3,1
0,13.3,0,1,1,2,0,102.0,37.1,2,0
1,35.5,1,0,1,0,1,165.1,26.9,0,1
0,33.9,1,0,0,0,1,126.5,26.3,3,1
1,34.9,0,1,1,1,0,114.8,31.8,0,0
1,19.4,1,0,0,1,0,69.1,31.5,0,1
1,55.7,1,0,0,1,0,74.7,20.8,1,0
0,22.6,0,0,1,0,0,132.7,32.0,1,0
1,3.2,1,0,0,1,1,85.6,35.0,1,0
1,10.3,1,0,1,4,0,102.0,26.6,3,0
0,69.2,0,1,1,2,0,152.0,38.0,1,1
1,4.3,1,1,1,0,1,50,26.7,1,0
0,57.0,0,1,1,4,0,119.2,21.9,3,1
1,78.7,1,0,0,4,1,50,27.5,2,1
1,38.6,1,1,1,4,0,126.3,25.1,3,1
1,62.9,1,0,1,0,1,63.2,21.4,2,0
0,73.9,0,0,1,2,1,104.1,28.8,3,1
0,4.0,1,1,1,4,1,63.7,20.0,3,0
0,64.1,0,1,0,2,1,151.6,26.1,1,1
1,8.9,1,1,1,2,1,179.9,26.0,3,0
1,26.4,0,1,0,0,1,135.4,31.7,1,0
1,52.5,0,1,1,1,0,59.0,39.3,2,0
0,25.8,0,1,0,3,1,68.2,22.4,0,0
0,33.1,0,0,1,2,0,83.9,29.0,0,0
0,8.9,1,0,1,3,0,145.9,31.9,1,1
1,57.3,0,0,1,0,1,160.8,30.6,1,1
1,19.6,1,1,0,2,1,70.1,20.4,2,1
0,9.1,0,0,1,4,0,200.8,29.8,0,0
1,50.4,0,0,1,4,1,67.0,43.7,3,0
0,3.6,0,0,0,4,1,144.1,17.5,0,0
1,71.1,0,1,0,2,1,100.2,22.9,1,1
0,14.9,0,1,1,4,1,101.2,37.5,0,0
1,37.8,1,1,1,2,0,50,28.8,3,1
1,5.3,1,0,0,4,0,85.8,38.5,2,1
0,51.8,1,1,1,1,0,112.7,24.4,2,1
0,19.7,0,1,0,2,0,87.1,26.9,3,1
0,80.5,0,0,0,1,0,93.6,32.6,3,1
0,23.0,1,0,1,1,1,52.3,32.9,0,0
1,49.4,1,0,1,4,1,124.1,23.8,3,1
1,63.8,1,1,1,3,1,105.1,27.5,3,1
1,65.0,0,1,0,2,0,190.9,21.0,1,1
1,48.6,0,1,1,0,1,90.5,21.4,3,1
1,38.7,0,0,0,2,0,146.6,33.3,2,1
1,7.5,1,0,0,0,1,130.7,33.3,2,0
0,38.6,0,1,1,1,0,92.3,31.5,1,0
0,58.3,1,1,1,1,0,74.9,31.8,1,1
1,59.5,0,0,0,3,1,109.9,30.9,2,0
1,23.5,0,0,0,3,1,179.3,30.7,1,0
1,49.2,0,1,1,2,0,102.7,21.2,3,0
0,11.0,1,1,0,3,1,143.5,26.9,3,1
0,36.2,0,0,1,0,1,151.1,14.8,1,0
0,63.1,1,1,1,4,0,81.4,26.2,1,1
0,5.2,1,0,0,2,0,50.5,32.2,1,1
1,37.8,1,0,1,0,1,114.3,40.3,0,1
0,73.2,0,1,0,1,1,60.2,26.5,0,0
0,29.4,1,1,1,2,1,139.1,36.9,0,1
0,68.1,0,1,0,0,1,50,21.5,2,1
1,61.3,1,0,0,0,0,113.0,36.8,3,1
1,59.6,0,1,0,3,1,87.0,29.6,3,1
0,30.2,0,0,1,2,0,91.2,41.8,2,0
0,74.1,0,1,1,2,0,112.1,35.0,3,1
0,77.8,1,0,0,3,1,84.8,28.1,3,1
1,41.7,1,1,0,2,0,50,18.7,2,0
0,4.4,1,1,0,2,1,128.7,29.1,3,1
1,25.9,0,1,0,4,0,165.5,37.8,3,1
1,66.4,1,1,1,1,0,162.9,40.8,3,1
1,15.8,1,1,0,4,0,131.5,29.8,0,0
0,46.4,0,1,0,0,0,88.9,31.7,3,0
1,3.5,1,0,0,0,1,50,26.3,2,0
1,54.8,0,0,0,0,1,124.2,22.8,3,1
0,45.8,0,0,0,3,1,110.8,15.3,0,0
0,29.4,0,1,1,0,1,130.0,20.8,0,1
1,8.0,1,1,1,2,0,100.6,28.0,3,0
0,15.4,1,1,0,2,1,80.6,21.9,0,1
1,39.9,1,1,1,1,0,150.8,30.1,0,1
1,43.7,1,1,0,2,1,124.5,33.0,0,1
1,25.3,0,1,1,3,0,176.5,31.0,3,0
1,76.4,0,1,1,2,0,103.6,19.9,2,1
0,18.3,0,0,0,2,0,94.2,34.8,3,0
0,59.6,0,0,1,1,1,82.2,31.8,0,0
1,80.3,0,0,1,0,0,67.8,27.3,2,1
0,40.2,1,1,0,0,1,129.2,25.9,0,1
1,16.8,0,0,0,3,0,122.8,17.2,3,0
0,40.9,0,0,1,3,0,229.9,28.1,1,1
0,67.3,1,0,1,1,1,97.5,17.2,2,1
0,46.2,1,0,0,3,1,64.3,40.4,0,0
0,61.2,0,0,0,0,0,175.6,28.9,3,1
0,17.6,1,0,1,2,1,81.9,34.4,3,0
0,81.1,0,0,0,3,0,109.6,38.3,3,0
0,79.1,1,0,0,2,1,68.3,15.8,3,1
1,61.3,1,0,1,0,1,200.8,28.4,1,1
1,25.5,0,0,0,4,0,103.0,33.3,2,0
1,75.4,1,1,0,3,0,187.4,27.6,1,1
0,4.4,0,0,1,1,1,72.2,36.2,2,0
0,10.7,0,0,1,3,0,161.2,34.2,2,0
1,29.7,0,0,0,1,0,181.7,10,0,0
1,65.9,1,0,1,3,1,105.4,32.9,0,1
1,35.1,1,1,0,0,0,63.9,35.0,1,1
0,70.4,1,0,1,2,0,116.8,33.8,1,1
1,72.0,0,1,0,0,0,154.1,24.2,1,1
0,25.4,1,1,0,4,1,75.4,22.1,3,1
1,36.9,1,0,0,4,1,73.1,27.4,2,0
1,16.9,0,1,0,3,1,165.7,27.8,1,0
1,15.7,0,0,0,1,1,196.2,28.9,3,0
1,45.5,0,1,1,2,1,128.1,40.2,3,1
0,22.4,0,0,1,0,1,83.0,38.2,1,0
0,76.5,1,1,1,3,1,125.7,32.0,0,1
1,30.5,1,0,1,2,0,65.7,26.2,0,0
1,52.4,1,0,1,1,0,159.0,40.8,3,1
1,30.9,0,0,1,1,1,94.9,18.4,2,0
0,56.7,0,0,1,0,1,98.2,26.6,1,0
0,52.5,0,0,1,3,1,94.0,35.7,1,0
0,7.1,0,0,1,1,0,94.8,25.0,1,0
0,36.8,0,1,1,4,0,89.7,27.5,0,0
0,32.2,0,1,0,3,1,103.9,22.5,3,1
0,14.3,1,0,1,2,1,84.6,41.1,0,1
0,53.3,1,1,1,3,0,135.0,20.7,3,1
0,81.5,0,0,1,2,0,50,21.2,1,0
1,5.5,0,1,0,3,1,144.6,29.0,3,0
0,64.2,1,0,1,0,0,100.6,30.7,2,1
1,53.6,0,1,1,2,1,72.4,31.8,3,1
0,8.5,1,0,1,0,0,170.0,21.6,3,1
1,60.1,1,0,0,4,1,111.1,33.4,2,1
0,22.3,0,1,1,2,1,85.5,16.5,0,0
1,65.1,1,0,0,1,1,80.5,44.7,3,1
1,16.1,0,1,0,4,0,98.4,35.1,0,0
0,18.8,1,0,0,0,0,147.1,29.9,3,1
1,19.5,0,0,1,0,0,50,26.5,1,0
0,5.6,1,0,0,3,1,113.6,31.2,2,0
1,7.7,0,1,1,0,0,168.6,27.2,0,0
0,3.9,1,0,0,0,1,87.1,32.3,1,0
0,46.2,0,1,1,0,1,144.0,25.5,1,1
0,19.2,0,0,0,2,0,57.7,24.0,1,0
0,58.7,1,0,0,3,1,89.7,40.1,2,1
1,56.7,1,1,0,4,1,162.5,15.5,0,1
1,75.4,0,0,0,2,0,90.7,42.7,2,1
0,49.7,1,1,1,2,1,79.4,31.7,2,1
0,40.9,1,0,0,1,1,94.3,30.3,0,0
0,63.5,0,0,0,3,1,131.4,32.1,0,0
1,0.1,1,0,0,3,1,83.5,28.3,0,0
0,74.8,0,0,0,0,0,131.5,31.3,0,0
1,23.4,1,1,1,2,1,149.4,33.2,2,1
0,57.3,0,1,0,3,0,103.3,41.0,3,1
0,5.6,0,0,1,1,0,186.2,14.7,0,0
1,38.0,0,0,0,1,0,162.1,27.5,1,1
1,57.3,1,0,0,4,0,50,24.0,1,0
0,10.8,1,0,0,0,0,60.1,49.6,2,1
0,18.1,1,1,1,4,1,50,31.4,3,1
0,1.5,1,0,0,4,0,50,34.6,0,0
1,28.1,1,1,0,0,1,91.6,40.4,3,1
0,1.5,1,0,0,4,0,131.5,31.5,3,0
0,36.0,0,0,1,2,0,144.8,29.4,0,0
1,11.8,1,1,0,0,0,146.5,49.0,2,1
0,73.3,1,0,0,3,1,50,27.6,3,1
1,69.3,0,0,0,2,1,86.2,34.2,1,1
1,35.0,1,1,1,0,0,79.4,34.7,2,1
1,11.1,0,0,1,3,0,74.2,15.1,0,0
1,24.5,1,1,0,3,1,126.5,32.4,2,1
1,17.0,1,1,1,2,0,114.2,36.7,3,1
0,79.0,1,0,0,1,0,50,23.5,2,0
1,27.2,1,1,0,4,0,148.9,36.5,2,1
1,43.1,0,0,0,1,1,107.4,41.4,0,0
1,10.8,0,0,1,0,0,127.3,32.3,2,0
1,17.4,0,1,0,0,0,82.6,22.0,0,0
0,74.7,1,0,1,2,0,124.6,30.8,3,1
0,9.0,0,1,0,4,0,66.8,37.1,3,0
0,58.9,0,0,1,2,0,138.9,30.3,0,0
1,27.8,1,0,1,3,1,104.4,33.2,2,1
0,40.0,1,0,0,4,0,50,28.3,1,0
1,33.0,1,0,0,1,0,103.8,24.4,0,0
0,44.1,0,0,1,4,1,149.4,22.4,2,0
0,46.3,0,0,1,3,1,137.1,27.7,2,0
1,40.0,0,1,1,1,1,162.4,34.2,0,1
0,19.7,0,0,1,0,1,73.6,22.6,0,0
0,5.1,1,1,0,4,1,62.0,23.3,3,0
1,3.7,0,1,1,1,0,137.2,33.5,1,1
0,80.0,1,0,0,4,1,50,37.7,0,1
1,15.1,1,1,0,3,1,50,30.7,3,0
1,28.7,0,0,0,2,0,103.9,22.7,0,0
0,62.1,0,0,0,3,1,142.2,26.3,1,0
1,32.6,0,0,0,4,1,50,28.8,3,1
0,34.7,1,1,0,4,0,93.5,30.8,3,1
0,78.7,1,0,0,3,0,72.0,24.4,2,1
1,62.8,0,1,0,1,0,110.8,29.1,1,1
1,6.8,0,1,1,2,0,82.2,12.5,3,0
0,63.6,0,1,0,0,0,61.4,23.6,3,1
0,4.6,0,1,1,1,1,70.6,34.0,2,0
0,34.0,1,1,1,1,1,119.6,36.2,1,1
1,66.3,0,1,0,0,0,134.1,24.1,0,1
0,14.8,0,0,1,0,0,115.4,14.3,2,0
0,1.0,0,0,0,3,1,99.8,29.1,3,0
0,56.2,0,1,1,0,0,61.7,31.0,3,1
0,54.7,1,1,0,1,0,153.0,24.9,2,1
0,81.9,1,1,0,0,0,105.9,27.7,1,1
0,49.2,1,0,1,0,0,138.1,33.3,2,1
1,76.5,0,0,1,2,1,97.3,30.4,3,1
0,37.4,1,1,1,0,0,90.1,35.1,3,1
0,14.1,0,0,0,0,1,199.7,27.1,1,0
0,69.1,1,0,1,2,1,140.5,25.6,1,1
1,6.2,0,1,0,3,1,50,33.7,2,0
1,38.6,0,0,0,0,1,50,22.0,2,0
0,54.1,0,0,0,1,1,159.4,43.9,1,1
1,55.7,0,0,0,4,1,153.5,31.0,2,1
1,5.2,1,1,1,1,0,79.9,28.2,1,0
0,25.8,0,1,0,3,1,204.1,21.6,1,1
1,73.2,0,1,1,1,1,151.1,32.4,2,1
1,49.9,0,0,1,2,1,109.5,29.0,3,0
0,20.8,0,0,1,1,0,103.2,28.2,1,0
1,48.6,1,1,1,2,0,171.6,38.8,2,1
0,18.2,0,1,1,3,0,67.3,28.6,1,0
0,15.0,1,1,1,3,1,130.0,12.4,2,0
1,65.0,0,0,0,2,0,128.2,31.5,2,1
0,50.7,1,0,0,3,0,96.1,43.8,1,1
0,81.1,1,1,0,0,0,63.7,19.3,1,1
1,37.3,1,0,0,3,0,107.8,24.1,0,0
0,15.8,1,0,1,1,1,190.6,35.9,0,0
1,50.2,0,0,1,4,1,82.1,43.5,1,0
1,26.4,0,1,1,0,0,86.1,34.1,1,0
1,35.2,0,0,0,3,0,123.8,20.9,2,0
0,64.4,1,0,0,4,0,142.3,36.4,0,1
0,76.1,1,1,0,2,1,70.2,34.5,0,1
0,5.5,1,0,1,4,0,86.4,24.2,1,0
0,8.8,1,1,0,0,1,154.9,23.9,2,1
1,56.4,0,1,0,0,0,132.9,28.7,3,1
1,23.2,1,1,0,0,0,50,18.0,3,1
1,43.1,1,1,0,0,0,50,28.2,2,1
0,39.0,1,1,0,1,1,114.3,29.6,3,1
0,59.3,1,1,0,4,1,57.4,31.9,3,1
0,71.9,0,1,0,0,0,51.9,36.1,1,1
1,16.3,0,1,1,2,1,149.0,32.2,1,0
1,29.5,0,0,0,4,0,98.3,26.6,0,0
0,74.5,1,0,1,4,1,50,23.3,3,0
0,67.5,0,1,0,3,1,103.4,21.4,1,1
0,78.9,0,0,0,4,1,59.4,34.6,0,0
1,55.3,1,0,1,3,0,120.2,16.3,1,0
0,55.8,1,1,0,4,1,117.7,25.0,0,1
1,39.8,1,0,0,3,1,100.3,37.2,1,1
1,44.8,0,0,0,2,1,158.6,21.6,0,0
1,67.3,1,1,0,0,0,136.4,22.8,1,1
1,64.8,0,1,0,1,1,72.7,27.5,3,1
0,54.3,1,1,0,3,0,99.6,17.2,3,1
1,67.9,1,1,0,2,1,133.6,29.2,2,1
0,26.7,0,0,0,1,1,104.6,36.5,0,0
0,62.0,1,0,1,4,1,166.1,21.6,0,1
1,38.9,0,1,0,0,1,201.2,32.2,1,1
0,80.3,1,1,0,1,0,159.8,40.8,2,1
1,49.2,0,1,0,1,0,120.4,31.2,2,1
1,46.5,1,1,1,3,0,128.2,27.3,2,1
0,2.1,1,0,1,3,0,70.3,32.1,3,0
1,30.2,1,1,0,1,1,188.2,33.6,0,1
0,7.6,1,1,0,1,0,91.3,30.7,0,1
1,10.7,1,1,1,0,0,109.8,29.1,3,1
1,25.7,1,1,0,1,1,149.0,19.6,3,1
0,23.5,0,0,1,2,1,77.3,27.6,1,0
0,61.6,1,0,1,3,1,71.5,21.1,2,1
0,17.2,0,0,1,4,0,80.8,45.5,1,0
0,22.5,1,1,0,1,1,86.5,34.0,3,1
1,50.6,1,1,1,4,0,125.4,44.6,3,1
1,58.2,0,0,1,4,1,74.0,37.2,2,1
0,25.3,1,1,0,2,0,65.0,45.9,1,1
1,21.7,0,1,0,1,0,146.1,28.2,2,0
1,14.5,1,0,1,3,1,116.3,38.8,1,0
1,50.8,0,0,1,4,0,94.9,13.8,0,0
1,66.1,1,0,1,1,0,50,31.1,2,1
1,42.9,1,0,0,4,1,129.4,33.2,2,1
0,6.7,1,1,1,0,1,150.1,37.1,1,1
1,35.2,1,1,0,2,0,83.2,22.4,2,1
1,43.0,1,1,0,2,1,53.5,26.7,1,1
0,37.6,1,0,0,3,1,75.7,28.9,2,0
0,16.8,1,1,0,4,0,83.9,23.7,3,1
1,72.5,0,1,0,1,0,86.7,26.7,3,1
1,27.1,0,1,1,2,1,116.0,47.8,2,1
1,42.9,0,1,1,1,1,111.2,34.0,3,1
1,74.9,1,0,0,3,0,124.0,36.1,0,1
0,77.0,0,1,1,1,1,132.1,26.5,1,1
0,51.5,1,0,0,2,1,50,24.3,2,1
1,15.7,1,0,0,0,0,156.7,36.7,1,1
0,65.4,0,1,1,3,0,171.5,27.1,1,1
0,81.1,0,0,1,2,1,142.3,21.9,2,1
0,66.5,1,0,1,0,1,50,28.2,0,0
1,44.8,0,1,1,1,0,81.0,34.6,3,1
1,78.4,1,1,0,1,0,50,38.3,0,1
0,23.9,1,0,0,1,1,97.7,23.2,0,0
0,0.6,1,1,0,0,0,105.8,22.2,2,1
1,2.2,0,0,0,3,1,84.3,25.3,2,0
1,41.1,1,0,1,2,1,96.9,25.8,0,0
0,39.1,0,0,0,0,0,100.9,30.8,3,1
1,23.9,0,1,1,0,1,55.3,25.1,1,0
1,43.9,1,1,1,0,0,124.9,29.3,2,1
0,35.2,1,1,0,3,1,50,27.3,1,1
1,5.9,1,0,1,1,0,50,21.2,2,0
0,22.5,1,0,0,4,1,187.2,27.6,2,1
1,77.0,1,1,1,3,0,167.4,17.6,0,1
0,77.9,0,1,0,0,1,134.1,25.6,3,1
1,69.8,0,1,1,3,1,76.8,24.1,0,1
0,19.8,0,1,1,4,1,128.5,21.8,0,0
0,29.2,1,0,1,3,1,161.9,37.5,0,1
0,21.5,0,0,0,4,0,183.0,25.6,2,0
1,78.2,0,1,0,3,1,136.5,22.8,3,1
0,10.9,0,1,0,4,0,148.3,43.0,2,1
0,30.7,0,0,1,3,0,142.7,36.3,0,0
1,0.9,0,0,1,2,0,177.0,30.8,2,0
0,80.2,1,1,1,0,0,154.8,34.6,0,1
0,7.3,1,0,1,3,1,178.3,28.0,2,1
1,39.7,0,1,0,4,1,69.9,32.7,1,1
1,26.3,1,0,0,3,1,81.8,26.1,2,0
0,61.0,1,1,0,0,0,109.3,21.0,3,1
1,25.5,0,0,0,3,1,152.1,29.0,1,0
0,28.4,0,0,0,4,0,163.8,22.5,0,0
1,27.1,0,0,0,0,1,107.9,39.5,3,0
0,49.3,0,1,0,1,1,190.4,29.9,1,1
1,52.5,1,1,1,2,1,64.4,21.3,0,1
1,31.5,1,1,0,1,1,104.7,29.4,0,1
0,4.4,1,0,1,4,0,50,46.0,3,0
1,14.5,1,0,0,1,0,161.3,33.0,1,1
0,66.0,1,0,1,4,0,134.9,31.3,0,1
0,76.9,0,1,1,0,0,156.0,22.4,1,1
0,16.5,1,0,0,1,1,123.0,20.2,1,0
1,51.7,1,0,0,2,0,87.2,20.3,2,1
0,78.6,0,1,1,0,1,106.8,30.2,2,1
0,51.3,0,1,1,0,0,85.0,20.6,1,1
1,15.9,0,1,1,1,0,50,25.3,2,0
1,1.7,1,1,0,4,1,110.1,19.4,3,1
1,29.7,0,0,1,2,0,54.0,31.6,1,0
1,11.2,1,1,0,0,1,50,29.9,1,1
0,6.3,1,1,0,1,0,59.8,31.4,2,1
1,43.8,1,0,1,4,0,130.9,24.6,0,1
0,36.2,1,1,0,1,1,94.9,38.7,1,1
0,9.0,1,0,0,1,0,157.7,35.6,2,1
1,55.1,1,1,1,4,1,165.4,33.1,3,1
0,35.2,1,0,1,4,0,104.4,25.4,1,0
0,27.8,0,0,0,1,0,90.0,31.8,0,0
0,1.6,1,0,1,3,0,184.6,16.2,3,0
1,29.4,0,0,0,3,0,146.9,32.0,3,0
0,19.2,0,1,1,0,0,100.5,39.7,1,0
0,37.0,0,1,1,2,0,120.7,34.7,2,1
1,14.2,1,1,0,1,1,73.8,44.6,2,1
1,10.5,0,1,0,2,1,50,23.8,3,0
0,41.6,0,0,1,0,1,81.2,34.1,2,0
1,76.6,1,0,0,2,0,152.8,30.8,1,1
0,78.3,1,0,0,0,1,50,24.7,1,1
0,14.9,0,1,0,3,0,50,22.3,2,0
0,24.0,1,0,1,1,0,106.7,36.1,2,1
1,71.0,0,0,0,3,0,115.5,15.6,3,0
1,62.9,0,1,0,3,1,50,34.5,1,1
1,12.9,1,1,0,2,1,50,20.9,2,1
1,37.2,0,0,0,4,1,67.9,36.3,0,0
1,38.3,1,1,1,3,1,85.6,36.7,1,1
0,76.6,0,0,0,2,0,117.5,26.0,3,1
0,27.8,1,0,0,2,0,102.3,29.4,1,1
1,76.6,0,0,1,0,1,147.8,35.2,1,1
0,70.8,1,1,0,2,0,147.7,27.2,0,1
1,27.6,0,0,1,1,0,55.3,17.3,2,0
0,44.8,0,1,1,3,1,164.3,40.2,2,1
1,43.0,1,1,0,4,1,127.4,26.0,1,1
0,31.6,0,0,1,4,1,50,35.0,1,0
1,65.5,0,0,0,1,0,89.8,22.5,3,0
0,64.2,0,1,1,1,0,99.8,37.7,3,1
0,39.9,1,1,1,2,1,120.2,32.5,3,1
1,52.9,0,0,0,3,0,55.4,32.3,1,0
0,69.9,0,1,1,4,1,111.5,29.6,2,1
1,31.4,1,1,1,3,1,50,34.0,0,1
1,79.2,1,0,1,2,1,91.4,35.6,0,1
1,9.4,1,0,0,3,0,152.9,32.2,1,0
0,19.8,0,1,0,3,1,89.1,25.4,3,1
0,2.0,1,0,1,1,1,73.4,23.1,0,0
1,5.9,0,1,0,0,0,50,19.8,3,0
1,13.3,0,1,1,2,1,50,18.5,2,0
0,20.3,0,0,1,3,0,110.0,40.9,0,0
1,21.3,0,1,1,1,0,155.2,30.4,0,0
1,48.5,1,1,1,3,0,157.8,31.8,3,1
1,63.7,0,1,0,3,0,50,30.2,3,1
1,47.7,0,1,0,3,0,82.2,39.7,1,1
0,80.5,0,1,0,0,1,77.2,32.8,2,1
1,59.1,1,0,0,4,1,87.7,35.6,2,1
0,42.4,0,0,0,1,1,85.7,16.9,1,0
1,40.9,0,1,1,4,1,141.8,32.8,0,1
0,13.1,1,1,1,2,0,95.3,44.3,1,1
1,2.1,0,0,1,1,1,85.1,29.2,1,0
0,59.8,0,1,0,0,0,86.8,32.2,0,0
0,19.3,1,0,0,2,0,129.9,36.7,3,1
1,75.0,0,0,0,3,0,96.1,31.8,3,1
1,40.3,1,1,1,2,0,162.1,30.7,0,1
0,78.5,0,1,1,1,1,128.8,32.6,1,1
1,12.3,1,0,1,0,0,180.4,24.8,0,1
0,54.8,1,0,0,0,0,206.4,22.5,3,1
0,56.0,1,0,1,1,1,138.2,30.7,2,1
1,64.9,0,0,1,4,1,84.0,23.7,1,0
0,12.0,1,1,0,0,0,97.2,44.2,1,1
1,70.7,0,1,0,2,1,140.8,14.9,2,1
0,77.7,0,0,0,0,0,79.9,33.0,1,1
0,43.7,0,1,0,0,1,120.0,21.6,2,0
0,58.0,1,0,1,1,0,50,24.8,2,0
1,22.3,0,0,0,0,1,155.6,28.3,1,1
1,6.3,1,1,1,4,1,69.0,39.2,2,1
1,18.7,0,0,1,1,1,103.1,18.8,3,0
1,44.9,0,1,0,0,1,96.6,29.4,2,1
0,45.6,1,1,1,0,1,89.9,11.6,3,0
0,44.4,0,0,0,3,1,110.6,53.3,3,0
1,21.5,1,1,1,3,1,142.1,27.1,2,1
1,76.6,0,1,0,2,0,93.3,21.8,2,1
0,60.2,0,0,0,0,0,87.3,35.1,0,1
1,12.7,0,1,0,4,0,129.9,31.0,2,0
1,63.6,0,0,1,4,1,133.5,32.5,1,0
1,54.2,1,0,0,0,1,106.4,22.4,1,1
1,7.4,1,0,1,0,0,137.4,35.9,0,0
1,13.8,1,1,1,0,0,74.2,21.6,3,1
0,0.3,0,1,0,1,0,50,23.2,2,0
1,5.1,1,1,1,0,1,50,25.2,2,0
0,42.5,0,1,1,4,1,164.0,18.8,0,0
0,41.4,0,0,0,1,1,125.3,37.2,1,0
0,69.0,1,0,1,1,1,65.7,21.1,1,1
1,71.6,1,0,1,3,0,109.2,30.5,0,1
1,18.9,1,0,1,2,0,128.6,31.1,1,1
0,74.3,1,0,1,0,1,63.6,32.7,0,1
0,13.2,1,1,1,0,1,143.1,27.4,3,1
0,51.9,0,0,1,2,0,119.7,41.4,0,0
1,32.4,0,1,1,4,1,138.1,31.4,0,0
1,15.3,0,0,1,4,0,50,32.6,1,0
1,53.2,1,0,1,0,1,146.6,29.3,3,1
1,46.9,1,1,0,2,1,160.3,34.0,3,1
0,65.6,0,0,0,3,0,128.2,24.3,1,0
1,41.7,0,0,1,4,1,66.4,33.4,1,0
0,21.5,1,1,1,3,1,133.7,30.4,0,1
1,61.1,1,1,0,1,1,111.9,22.8,2,1
0,79.2,1,1,0,2,0,118.4,23.3,1,1
0,50.9,1,1,0,1,0,60.4,29.5,1,1
0,38.3,0,1,1,1,1,75.7,39.6,3,1
1,59.2,1,0,1,0,0,67.0,30.8,0,1
0,23.2,1,1,0,0,0,50,23.2,1,0
1,68.1,0,1,0,2,1,131.2,40.4,2,1
0,49.6,0,1,0,0,1,135.7,46.1,1,1
0,2.4,0,0,0,2,0,66.9,30.4,0,0
1,41.7,1,1,0,0,1,156.8,25.3,0,1
0,48.6,1,0,0,0,1,98.4,19.5,2,1
1,15.5,0,0,1,1,1,96.8,24.9,3,0
1,13.7,1,1,1,2,1,87.2,27.2,2,0
1,46.2,0,1,0,4,0,66.6,22.7,0,0
0,35.2,0,1,1,1,0,178.9,17.3,1,0
1,23.7,1,1,1,1,1,120.4,45.2,3,1
1,79.8,0,0,0,4,0,144.6,27.7,0,1
0,16.8,1,0,1,0,0,69.3,29.8,3,0
1,42.4,1,1,1,4,1,108.7,45.5,3,1
1,6.1,0,0,1,0,1,140.2,24.4,0,0
1,56.2,1,0,1,2,0,167.3,29.9,1,1
1,72.6,0,1,0,0,1,192.6,31.2,1,1
0,80.3,1,1,0,3,0,176.5,22.4,2,1
1,18.5,1,0,0,2,0,55.3,24.9,1,0
1,17.1,0,1,0,4,0,73.9,23.8,0,0
0,36.4,1,0,0,0,1,152.2,15.8,0,0
0,15.5,0,0,1,2,1,125.4,33.0,3,0
1,73.5,1,0,1,4,1,118.3,24.3,1,1
0,73.2,0,0,0,4,0,85.5,28.3,1,0
1,74.8,0,0,1,2,0,56.5,24.5,1,0
1,74.1,1,1,0,0,0,114.5,35.1,3,1
1,75.8,0,1,0,4,1,99.1,37.0,2,1
0,39.6,1,0,0,3,1,100.2,25.0,3,1
1,29.7,0,1,0,1,0,132.8,30.0,2,1
1,8.1,1,0,0,3,0,50,24.2,3,0
1,52.6,1,1,1,0,0,93.9,41.0,0,1
0,9.1,0,0,1,2,0,79.0,36.0,2,0
0,73.0,1,1,0,2,0,128.0,19.9,3,1
0,17.1,0,0,0,1,1,122.0,31.7,0,0
1,63.7,1,0,1,0,1,69.5,33.5,1,1
1,13.4,1,0,1,0,0,87.0,35.8,1,1
0,14.4,1,0,1,3,0,117.5,22.3,3,0
1,40.4,0,0,1,2,0,91.3,23.0,2,0
1,35.7,1,0,0,1,1,148.5,25.6,2,1
1,53.3,1,1,0,2,1,179.4,30.4,2,1
1,73.8,1,1,1,0,1,130.1,27.8,3,1
0,52.9,0,0,0,1,0,152.7,25.4,3,0
0,0.6,0,1,1,0,0,81.1,20.4,3,0
0,25.5,0,1,0,3,0,126.8,36.0,3,1
1,8.3,0,0,0,1,1,66.4,33.1,2,0
0,17.0,1,1,1,1,0,50,24.4,3,0
1,55.3,0,1,1,4,1,56.4,27.2,1,0
1,35.5,1,0,1,3,1,50,23.7,2,0
1,52.4,1,0,0,1,1,77.7,32.7,2,1
0,81.2,1,1,1,2,1,109.3,33.2,3,1
0,42.4,1,0,0,0,1,170.1,41.8,2,1
0,36.4,0,0,1,2,1,50,25.9,1,0
1,47.9,1,1,1,1,0,109.2,45.5,2,1
1,10.6,0,1,1,0,1,127.3,33.7,1,0
1,41.0,1,1,0,4,1,138.9,12.5,0,1
0,21.1,0,1,0,0,1,127.0,32.2,1,1
0,49.6,1,0,1,0,0,154.2,29.1,3,1
0,42.1,1,1,0,3,0,55.5,34.6,2,1
1,32.5,1,1,0,4,1,119.9,26.5,0,1
1,64.2,1,1,1,4,0,159.9,33.0,3,1
0,75.1,0,0,1,0,0,129.8,10,1,0
1,60.4,0,0,0,3,1,82.5,28.9,3,0
0,50.1,0,0,1,1,1,113.1,32.3,1,0
0,66.4,1,1,1,4,1,136.5,15.4,3,1
0,59.6,1,1,0,1,1,95.4,28.8,1,1
0,73.9,0,1,1,4,1,135.5,19.9,0,1
1,39.9,1,0,0,2,0,50,25.6,0,1
0,51.2,1,1,0,1,0,50,14.5,0,1
0,16.5,1,0,0,4,0,75.6,28.2,1,0
1,30.4,1,0,1,4,0,84.2,25.8,0,0
0,23.3,1,0,1,0,1,77.6,12.7,1,0
0,9.2,1,0,0,1,0,62.6,21.6,2,0
1,62.3,1,0,1,2,1,108.7,23.2,3,1
1,60.4,1,1,1,1,1,80.7,23.2,1,1
0,64.1,1,1,0,1,1,119.2,25.1,1,1
0,38.9,1,1,0,0,0,132.4,29.8,2,1
1,44.5,1,0,0,4,1,81.6,26.5,0,0
1,3.5,1,0,0,2,0,119.0,18.2,1,0
0,53.9,1,1,0,4,1,106.6,37.3,0,1
0,58.6,0,1,1,3,0,116.4,34.3,1,1
0,38.1,0,0,1,1,1,62.5,25.9,3,0
0,46.8,0,1,1,2,1,97.3,19.7,1,0
0,27.3,0,0,1,1,1,110.9,24.7,3,0
0,58.5,0,1,0,1,1,62.9,17.5,3,0
0,72.5,0,1,1,4,1,152.7,27.6,0,1
0,81.6,1,1,1,2,1,128.1,39.2,1,1
0,73.1,0,1,0,4,1,120.0,19.3,1,1
0,14.2,0,1,0,0,1,164.1,29.3,1,1
1,47.9,0,0,0,0,0,94.7,26.4,1,0
0,71.6,1,0,0,3,1,50,20.4,2,1
1,0.2,1,1,0,1,0,86.1,25.2,3,0
1,35.8,0,0,1,2,0,113.2,26.1,3,0
0,75.2,1,1,0,1,1,186.0,25.6,3,1
0,48.4,0,0,0,3,0,78.5,11.7,2,0
0,68.4,1,1,1,3,0,121.8,36.2,0,1
0,74.7,0,0,1,0,1,172.1,30.8,0,1
0,17.4,1,1,1,3,0,125.3,27.5,3,1
1,11.2,1,1,1,0,1,63.2,36.2,1,1
1,69.1,0,1,0,4,0,125.1,31.0,3,1
1,38.9,0,0,0,0,1,72.8,25.7,2,0
1,36.6,1,0,1,3,1,89.5,28.0,2,1
0,9.7,0,0,1,3,0,76.2,30.3,1,0
1,53.5,1,1,1,4,0,80.0,26.6,3,1
1,23.8,0,1,0,3,1,67.2,12.8,0,0
1,31.3,1,0,1,3,0,170.6,21.8,0,0
0,49.7,1,0,0,2,1,148.7,34.7,0,1
0,43.7,1,1,1,1,0,108.1,38.5,3,1
1,25.6,1,0,0,1,1,149.4,27.5,3,1
0,50.1,0,1,0,3,1,141.0,20.6,0,1
1,47.6,0,0,1,0,1,192.6,32.8,0,0
0,47.6,0,0,0,3,1,51.8,25.5,3,0
1,8.0,1,1,1,0,0,53.0,26.5,2,1
0,31.0,1,1,1,1,1,85.2,35.2,2,1
1,58.5,1,1,0,4,1,156.2,27.6,0,1
0,1.0,0,1,0,1,0,151.7,33.1,3,0
0,23.3,0,1,0,1,1,50,32.8,3,0
0,67.7,1,1,0,0,1,114.6,40.9,1,1
1,62.3,0,0,1,1,1,104.7,20.1,3,1
0,69.9,1,0,0,0,0,198.5,22.5,0,0
1,80.6,1,1,0,0,0,147.6,20.1,0,1
0,43.8,1,0,1,0,0,63.5,19.9,2,0
1,38.2,0,1,0,0,0,50,25.0,3,0
0,15.4,1,0,1,3,0,100.1,29.2,1,0
1,31.5,1,0,0,0,1,158.8,10.8,3,0
0,10.3,0,1,0,2,1,151.3,25.7,1,0
1,31.4,1,0,1,0,0,66.8,39.1,3,1
1,26.7,0,0,0,2,0,118.6,17.5,1,0
1,17.8,1,0,1,1,0,179.8,32.7,0,1
0,64.3,0,1,1,3,1,50,33.3,3,1
1,79.2,0,0,0,1,0,198.4,15.2,0,1
1,37.9,0,0,0,2,0,171.6,40.2,0,0
0,26.8,1,1,1,4,1,100.7,23.8,1,1
0,41.8,1,1,0,0,1,210.5,25.2,2,1
0,20.7,1,1,0,2,0,50,38.8,2,1
0,52.1,0,1,1,3,1,160.7,24.8,3,1
1,19.0,1,0,0,4,1,110.6,16.9,2,0
0,6.8,1,1,0,1,1,50,21.1,1,0
1,74.2,0,0,1,3,1,186.1,29.5,1,1
0,24.0,1,0,1,2,1,58.8,26.2,2,0
0,40.3,1,0,0,4,1,114.0,35.9,0,1
1,1.3,1,0,1,1,0,103.6,31.6,2,0
1,2.6,0,0,0,0,0,50,14.1,1,0
1,60.2,0,0,0,2,1,50,18.0,2,0
1,77.5,0,1,1,3,1,161.8,16.4,3,1
0,66.3,0,1,0,4,1,145.5,36.4,3,1
1,52.8,0,1,0,2,1,128.3,16.7,0,1
0,2.2,0,1,0,4,1,50,39.7,3,0
1,80.2,0,1,1,3,0,94.3,26.8,0,1
0,74.5,1,0,1,3,1,74.2,31.3,1,1
0,33.6,1,0,0,2,0,104.1,31.0,3,1
0,14.3,1,0,0,1,0,50,33.2,3,0
0,38.4,0,1,1,4,0,105.6,23.6,3,1
1,55.7,1,1,0,1,1,99.7,11.8,2,1
0,43.5,0,1,1,1,1,117.1,21.5,0,1
1,56.5,1,1,1,2,1,119.4,28.5,0,1
1,80.9,0,1,1,0,0,77.5,32.0,0,1
1,52.9,1,1,1,4,0,74.2,27.0,0,1
1,44.6,0,1,1,2,0,105.2,26.8,3,1
1,34.7,1,1,0,1,1,85.3,41.4,2,1
0,55.3,1,0,1,0,0,65.8,25.2,1,1
0,28.5,1,1,1,1,0,97.5,31.4,3,1
0,75.9,0,1,0,0,1,105.4,30.3,0,1
0,59.7,1,0,0,1,0,139.1,35.4,3,1
0,8.9,0,1,0,1,1,85.4,18.0,0,0
1,59.7,0,1,1,2,0,50,31.1,3,1
0,75.7,0,1,1,2,1,66.6,20.9,1,1
1,68.9,1,0,0,2,1,99.8,33.5,0,1
1,27.4,0,1,0,2,0,167.2,18.3,1,0
1,56.0,0,1,1,1,1,67.0,26.8,0,0
0,4.0,0,1,1,4,0,217.2,33.5,2,1
0,48.5,1,1,0,2,1,67.8,29.9,2,1
1,55.0,1,0,1,4,1,57.1,25.2,2,1
1,33.7,0,0,0,0,1,50,20.8,0,0
1,64.4,1,1,0,4,0,97.4,27.8,2,1
1,70.7,1,0,1,2,0,96.2,36.1,2,1
1,16.3,0,1,1,2,1,112.2,38.3,0,0
0,15.2,0,0,0,3,1,50,24.7,0,0
0,28.3,0,0,0,3,1,128.5,29.4,0,0
1,65.9,1,1,1,2,0,138.4,26.2,1,1
1,27.5,1,1,0,1,1,160.5,27.0,0,1
1,57.9,1,1,0,1,0,102.2,41.9,3,1
0,11.8,1,1,1,3,1,69.5,28.3,0,1
0,54.6,1,1,0,2,0,86.1,39.7,2,1
1,78.9,1,0,1,3,0,50,15.3,2,1
1,11.6,0,0,1,4,1,130.6,26.6,0,0
1,2.8,0,1,0,1,1,136.9,40.9,1,1
0,55.8,1,1,1,2,1,137.4,24.5,0,1
1,11.8,1,1,0,4,1,160.2,34.4,2,1
0,47.6,0,1,1,2,0,54.4,41.7,1,0
1,6.7,0,1,1,1,0,99.4,22.3,3,1
0,51.6,0,0,1,4,1,60.9,20.1,1,0
1,6.5,1,1,0,4,1,100.6,26.7,2,0
1,76.2,0,1,0,2,0,50,14.2,0,0
1,74.4,1,0,0,1,0,107.8,18.7,1,1
0,36.9,1,1,1,4,1,133.9,30.2,2,1
0,69.8,0,0,0,4,0,96.4,36.2,0,0
0,9.5,0,0,1,3,1,99.3,23.1,1,0
1,25.0,0,0,0,0,1,93.6,23.6,2,0
1,21.0,0,1,0,3,0,105.0,31.3,2,0
0,1.5,0,0,1,2,0,66.4,11.3,0,0
1,46.8,1,0,1,3,0,155.2,33.6,0,1
1,63.6,0,0,1,4,0,126.6,32.2,3,1
1,59.9,1,0,0,1,1,126.4,27.8,3,1
1,33.5,0,0,0,0,0,107.4,39.8,0,0
0,21.1,0,0,0,2,0,81.5,30.2,2,0
1,77.5,0,0,1,0,0,146.0,25.1,0,0
1,37.6,0,0,0,0,1,137.4,39.0,3,1
1,25.5,0,0,1,3,1,119.0,36.8,1,0
0,60.0,0,1,1,3,0,138.7,40.1,1,1
1,71.3,1,1,0,1,0,50,20.3,0,1
1,37.2,1,1,1,4,0,94.5,32.0,0,1
0,74.4,1,1,1,1,1,86.3,31.8,2,1
0,34.6,1,0,1,4,1,173.0,32.7,0,1
0,71.8,0,1,0,2,1,212.4,18.4,1,1
0,39.8,1,1,1,4,1,184.3,20.6,3,1
1,62.4,1,0,0,1,0,70.8,27.8,0,1
1,61.9,1,0,1,2,1,121.1,29.3,3,1
1,56.3,1,1,0,0,0,132.5,26.5,3,1
0,35.1,1,1,0,4,0,124.8,27.9,3,1
0,15.3,1,1,0,0,0,106.3,28.5,2,0
1,43.4,0,0,0,4,1,95.9,29.4,3,0
1,21.3,1,1,0,2,1,168.0,11.0,1,1
1,28.1,0,1,1,1,1,79.8,23.5,1,0
1,31.2,1,1,1,3,1,117.2,31.8,3,1
1,14.1,1,0,0,0,0,126.7,33.0,3,1
1,58.4,1,1,1,1,0,126.3,28.4,2,1
0,47.6,0,0,0,0,1,110.4,37.8,2,1
1,50.4,0,0,1,3,1,74.3,37.5,0,0
0,36.5,1,0,0,0,0,98.8,23.6,3,0
1,70.7,0,0,0,3,1,89.2,24.6,3,1
1,14.1,0,1,0,1,1,145.6,29.0,3,0
0,15.3,0,1,1,1,1,140.5,17.7,3,0
0,45.7,1,1,1,4,0,75.7,39.5,0,1
0,54.4,0,1,1,1,0,50,31.9,0,0
1,78.0,0,1,1,3,1,75.3,32.2,0,1
0,58.5,1,1,0,4,1,119.4,26.9,3,1
0,38.8,0,1,1,1,0,145.6,35.7,0,1
0,41.0,0,1,1,2,0,138.2,35.2,0,1
0,61.0,0,0,1,3,1,60.3,36.5,2,0
0,60.3,0,1,1,3,0,196.5,40.2,0,1
1,13.7,0,1,1,0,0,50,34.1,0,0
1,77.5,1,0,1,0,1,117.8,25.3,3,1
1,69.4,1,0,1,1,1,98.3,32.1,3,1
0,29.9,1,1,1,1,1,98.8,37.4,3,1
1,39.1,0,1,1,3,0,149.8,29.8,0,0
1,52.6,1,0,0,3,1,63.3,33.5,1,1
1,4.4,1,0,0,3,1,174.6,35.5,1,1
1,20.4,0,1,1,4,1,50,28.3,3,1
1,12.0,0,1,0,3,0,66.8,31.5,3,0
1,49.0,1,1,1,3,0,119.0,29.4,2,1
1,6.1,1,1,0,1,0,69.4,37.0,2,1
1,22.2,1,0,0,2,0,145.1,27.0,0,1
1,43.1,1,1,1,2,0,93.1,27.6,3,1
0,49.4,0,1,0,3,1,85.9,22.8,3,1
1,60.4,0,1,0,3,0,110.2,20.4,3,1
0,12.9,1,0,1,0,1,50,38.0,3,0
1,27.9,1,0,0,3,1,88.2,30.9,2,0
1,25.0,0,0,0,0,0,112.1,30.6,3,0
1,3.4,0,0,0,1,1,190.1,40.3,0,0
0,72.5,0,1,1,3,0,91.3,35.5,2,1
0,54.3,1,0,0,0,0,86.4,30.8,1,0
0,22.6,0,1,0,4,1,204.2,16.7,3,0
1,3.0,1,1,0,0,1,50,25.6,3,1
0,45.5,0,1,1,2,0,112.3,46.1,1,1
1,51.5,0,0,0,2,1,99.4,27.3,0,0
1,13.2,0,1,0,4,1,84.8,28.8,1,0
1,45.3,0,1,1,3,0,139.7,31.2,1,0
1,2.5,0,0,1,4,0,148.5,21.5,2,0
1,5.6,1,0,1,1,1,71.3,27.4,1,0
1,67.7,0,0,0,0,0,186.5,22.1,2,0
1,2.5,1,1,1,1,1,126.0,20.1,0,0
0,12.4,0,0,1,1,0,118.1,33.2,3,0
0,44.5,0,0,1,0,0,89.1,26.5,0,0
0,0.6,1,1,1,0,0,118.5,30.1,1,1
0,81.8,1,1,0,2,1,88.7,26.4,3,1
0,74.6,1,0,0,4,0,158.9,32.8,1,1
0,53.8,1,1,0,2,1,50,30.3,3,1
1,30.2,0,1,1,2,0,110.1,25.2,0,0
1,0.7,1,1,1,3,1,120.9,10.5,0,1
0,34.4,1,1,1,1,0,156.4,22.5,1,1
0,36.3,0,1,1,0,0,123.3,18.9,1,1
1,16.9,1,0,1,2,0,154.8,31.4,0,0
1,23.4,0,0,0,1,1,143.6,23.7,3,0
0,46.8,1,0,1,4,1,67.5,42.8,3,1
1,0.4,1,1,1,3,0,89.4,16.9,0,0
1,51.5,1,1,0,0,1,50,21.9,1,0
1,5.8,1,0,1,2,0,57.9,21.5,2,0
1,12.5,0,1,0,3,1,71.1,22.4,1,0
1,66.1,1,0,0,2,1,70.2,18.9,3,1
0,71.0,0,1,1,4,1,115.9,38.6,2,1
0,69.2,1,1,0,0,0,64.8,26.8,1,1
1,27.5,1,0,1,0,0,84.8,34.6,2,0
0,69.5,1,1,0,4,1,73.2,16.1,2,1
0,36.2,1,0,1,3,1,114.6,38.8,1,1
0,19.4,0,0,0,1,0,178.1,33.9,1,0
0,72.5,1,0,0,1,0,102.2,19.2,1,1
0,19.4,1,1,0,3,1,170.1,33.2,3,1
1,73.3,1,0,1,0,1,67.7,28.5,1,1
1,75.0,1,1,0,3,0,113.7,27.4,1,1
0,16.9,1,1,0,0,1,111.5,34.0,0,1
0,70.2,0,0,1,0,1,118.3,36.8,3,1
1,50.7,0,1,0,3,0,81.7,33.7,2,1
0,11.8,0,1,0,2,1,150.6,25.0,1,0
0,16.6,0,0,1,4,1,94.9,30.9,1,0
1,17.9,1,1,0,0,1,147.2,24.0,1,1
0,15.2,0,1,0,4,0,199.2,24.1,2,0
1,34.6,1,0,0,3,0,53.6,36.5,2,1
0,57.3,0,1,0,3,0,100.0,10,2,1
1,28.4,1,1,1,0,0,140.3,37.6,1,1
0,25.4,1,1,0,3,1,50,34.1,2,1
1,53.4,1,1,0,4,1,152.0,22.9,3,1
0,64.6,0,0,1,1,0,70.4,10.5,2,0
1,15.4,1,1,1,1,1,120.3,20.1,1,1
0,72.7,0,0,1,2,0,97.3,22.9,1,0
1,64.4,1,1,0,2,1,50,20.8,0,1
0,76.7,1,0,1,0,1,84.5,31.9,3,1
0,5.1,1,0,0,0,1,191.6,29.8,3,1
0,33.2,1,0,0,2,1,50,33.7,2,0
1,27.8,0,1,0,1,1,162.4,19.2,1,1
0,53.8,1,1,0,2,0,50,34.5,2,1
1,75.7,0,1,1,4,1,113.8,39.4,0,1
1,54.2,1,0,0,4,0,50,28.1,0,1
1,70.5,1,1,1,0,0,180.2,30.7,2,1
0,60.3,1,1,1,1,0,89.1,29.4,1,1
1,45.3,0,1,1,2,1,108.1,49.6,1,1
0,74.7,1,1,1,4,1,145.4,36.9,3,1
0,13.5,1,0,0,4,1,225.7,20.3,1,0
1,21.0,0,1,0,1,1,188.0,21.5,3,1
0,70.5,0,0,0,4,0,72.1,26.9,0,1
0,2.7,0,1,0,1,1,93.3,30.2,1,1
1,56.3,1,1,1,4,1,81.1,20.0,1,1
1,71.7,0,1,0,2,0,120.6,27.5,0,1
0,81.7,1,1,0,1,0,92.3,32.9,0,1
0,69.6,0,0,1,2,0,119.3,26.3,0,0
0,16.4,1,0,1,0,1,73.9,26.5,1,0
1,71.4,0,0,1,2,1,146.2,31.2,1,1
1,10.9,0,1,0,3,0,97.2,25.1,2,1
1,58.2,1,0,1,4,1,154.8,30.0,0,1
0,70.4,1,0,1,2,1,56.6,38.2,0,1
0,50.8,0,0,0,0,0,106.6,22.1,1,0
0,39.1,0,0,1,2,0,60.6,18.8,3,0
0,51.1,0,0,1,3,1,169.8,31.3,3,1
1,24.3,1,0,1,4,1,93.8,31.5,0,1
1,4.8,1,0,0,3,1,132.2,21.2,1,0
1,11.8,1,1,0,1,1,179.9,28.4,3,1
0,78.5,1,0,0,3,1,70.4,40.2,1,1
0,65.9,0,1,0,0,0,110.1,31.8,1,1
0,9.2,1,1,1,2,1,50,31.3,0,0
0,28.9,0,0,0,3,0,137.3,22.0,0,0
0,15.3,0,1,0,1,0,108.5,23.7,1,0
0,61.6,0,0,1,1,0,166.2,28.3,1,1
0,45.8,0,0,0,3,0,193.7,29.7,1,1
0,35.6,1,0,1,2,0,82.5,31.2,3,0
1,79.2,0,1,0,0,1,121.4,16.9,2,1
1,30.3,0,1,0,2,0,60.1,19.8,0,0
0,70.8,0,1,0,3,1,76.8,23.4,1,1
0,4.3,0,1,0,4,0,98.7,35.6,1,1
1,53.5,0,1,1,4,1,119.9,30.8,2,1
0,73.7,0,0,0,2,0,66.2,25.5,0,0
0,63.4,1,0,0,1,0,50,16.5,2,1
1,67.8,0,1,0,4,0,59.8,27.4,0,0
0,77.9,0,0,1,3,1,96.3,25.2,3,1
0,16.1,1,1,1,1,1,136.7,29.3,1,0
0,18.2,0,0,1,4,0,153.4,22.0,0,0
1,47.0,0,1,1,0,0,126.0,32.7,2,1
0,57.7,0,0,0,3,0,99.3,35.5,2,0
1,27.3,1,1,0,3,1,50,31.0,0,1
0,41.2,0,1,0,4,1,128.7,30.4,0,1
1,7.6,1,0,0,4,1,120.3,22.7,2,0
1,64.0,1,1,1,0,1,66.3,18.4,2,1
0,42.5,1,1,1,3,1,121.8,27.8,3,1
0,4.3,0,0,0,1,1,101.0,34.2,3,0
1,25.2,0,0,0,1,1,89.7,33.0,2,0
0,5.0,1,0,1,1,1,91.3,29.5,2,0
1,77.3,1,0,1,2,1,108.8,25.6,2,1
0,33.9,0,1,1,4,1,56.3,36.5,2,1
1,79.9,1,0,0,0,0,159.4,27.3,0,1
0,64.7,0,1,0,2,1,82.1,25.7,1,1
0,61.3,1,0,1,4,1,163.2,32.4,1,1
1,48.2,0,1,0,2,1,186.5,24.8,2,1
0,33.6,0,0,0,1,1,50,17.5,2,0
1,32.8,1,0,0,0,0,194.3,26.9,3,1
1,0.3,0,1,1,0,1,172.4,26.8,2,1
1,56.6,0,0,1,2,0,116.1,27.9,1,0
0,9.4,1,0,1,4,0,102.0,31.0,0,0
0,10.5,0,0,0,2,0,50,22.1,2,0
1,42.7,1,0,0,0,0,50,32.1,1,1
0,27.7,1,1,1,3,0,110.6,21.5,2,0
1,1.8,1,0,0,1,0,118.8,32.3,3,0
0,6.3,1,1,0,3,1,77.8,32.3,2,0
0,45.9,1,1,1,4,0,123.4,25.4,2,1
0,8.2,0,0,0,4,0,59.2,30.2,1,0
1,23.0,0,0,0,1,1,94.1,28.6,1,0
1,48.4,0,0,1,0,0,140.8,31.1,2,0
1,25.1,1,0,0,0,1,111.1,26.1,3,1
1,36.3,1,1,1,2,0,100.0,36.3,0,1
1,46.2,0,0,0,2,1,68.4,40.9,3,0
0,3.9,1,1,0,4,0,115.5,11.5,3,1
1,65.6,0,0,1,1,0,159.6,33.9,2,1
0,67.9,1,1,0,4,0,50,37.8,1,1
1,77.9,1,0,0,1,1,142.6,16.7,3,1
0,40.0,1,0,0,4,1,145.0,27.3,2,1
0,16.9,1,1,0,1,0,91.8,43.3,1,1
0,70.8,0,1,1,0,1,59.5,36.1,2,1
1,15.8,0,0,1,4,0,184.2,37.8,1,0
0,5.8,1,0,0,3,1,101.9,27.7,0,0
1,39.2,0,0,1,3,1,134.1,22.7,3,0
1,80.0,0,0,1,2,0,50,25.6,0,0
1,46.3,1,1,1,2,1,55.9,29.1,2,1
1,1.7,0,1,0,1,1,191.8,29.0,3,1
1,34.7,1,1,0,2,0,145.3,28.9,1,1
0,44.5,0,1,1,4,1,128.4,25.5,1,0
1,77.5,1,1,1,0,0,91.5,16.1,3,1
0,27.1,0,0,1,0,1,93.2,14.0,1,0
1,75.6,1,1,1,3,1,83.7,22.6,0,1
1,37.1,1,0,1,4,1,112.5,21.7,3,0
0,13.2,1,0,0,1,1,152.7,45.6,1,1
0,26.4,0,0,0,1,1,113.5,32.9,1,0
0,48.2,1,1,1,2,1,116.0,38.3,2,1
1,36.8,0,1,1,3,0,153.2,26.9,1,0
0,1.1,1,1,1,2,0,162.8,23.1,3,1
1,9.9,1,1,1,2,0,114.0,32.2,1,0
1,1.9,1,0,1,2,1,50.8,34.6,3,0
1,28.8,1,1,0,2,0,90.4,27.5,1,1
1,55.3,1,0,0,1,0,50,35.2,1,1
0,69.3,1,0,1,2,1,111.0,31.7,1,1
1,73.9,0,1,0,1,1,154.5,31.7,2,1
1,66.8,1,1,1,4,1,82.6,26.1,2,1
0,33.1,1,1,1,3,0,88.4,28.8,1,1
1,56.1,1,0,0,3,1,66.8,35.3,1,1
0,20.7,0,0,0,3,1,82.7,26.1,2,0
1,60.0,1,1,1,1,0,107.3,23.8,3,1
1,61.3,0,1,1,4,0,92.6,40.2,2,1
0,70.8,0,0,0,2,0,50,39.7,2,0
0,43.4,0,1,1,0,0,101.7,30.2,1,1
0,29.8,1,0,0,0,0,119.2,29.1,0,1
0,37.1,0,0,1,1,1,50,29.4,1,0
0,33.6,0,0,0,1,1,100.0,32.5,2,0
1,68.9,1,1,0,2,1,155.2,34.5,1,1
1,77.9,0,1,0,1,1,134.1,15.0,2,1
1,72.6,0,1,1,2,0,93.4,29.1,1,1
0,80.8,1,0,1,4,1,159.2,23.7,2,1
1,55.1,1,1,1,1,0,91.3,33.2,0,1
0,5.6,0,1,0,2,1,110.1,30.1,2,0
1,18.2,1,0,0,3,1,50,31.3,0,0
1,20.5,1,0,1,1,0,102.7,20.4,0,0
1,70.6,0,0,0,0,1,80.4,37.0,0,1
0,79.1,0,0,0,1,0,50,23.0,0,0
0,64.1,0,0,1,0,1,153.8,29.8,2,1
1,11.7,1,0,1,3,1,128.8,29.6,0,0
0,57.5,0,1,0,0,1,90.9,32.5,1,1
1,50.7,1,0,1,4,0,129.1,31.7,0,1
0,53.4,1,0,0,0,1,122.8,32.8,0,1
0,71.0,1,0,1,4,0,50,31.8,3,1
0,32.0,1,1,0,0,1,50,29.3,2,1
0,37.8,1,0,0,0,1,50,29.7,0,0
0,26.0,0,0,0,0,1,53.5,12.8,2,0
1,33.6,1,0,0,4,0,179.5,40.8,1,1
1,79.7,1,1,1,1,1,50,23.9,3,1
0,21.0,1,1,0,4,1,93.4,27.9,0,1
1,20.7,1,0,1,2,1,92.9,29.8,1,0
0,23.9,0,0,0,4,0,86.6,30.0,0,0
0,33.0,1,0,0,4,1,153.9,16.7,3,0
0,55.9,0,1,0,1,0,192.1,38.3,0,1
0,62.9,0,1,1,1,1,95.4,34.4,2,1
0,48.5,0,1,0,1,1,166.3,21.1,0,1
0,40.4,1,0,1,4,1,82.6,37.8,0,1
1,38.1,0,1,0,0,0,77.1,26.5,2,0
1,59.0,1,1,0,3,0,101.0,25.1,0,1
1,10.7,0,0,1,1,0,50,44.5,3,0
0,28.3,1,1,1,3,0,85.5,25.9,0,0
0,13.7,0,0,0,2,1,50,32.7,1,0
0,54.9,1,0,1,0,1,77.2,30.6,3,1
0,16.9,1,1,1,1,0,74.1,34.5,2,1
0,67.9,0,1,1,4,0,75.4,35.3,2,1
0,79.1,1,1,1,3,0,111.8,29.9,2,1
1,69.5,0,1,1,4,1,114.4,31.5,0,1
1,58.7,0,0,1,3,0,99.2,35.6,2,0
1,56.2,0,0,0,0,1,50,33.3,2,0
1,55.8,1,0,0,0,1,92.1,31.1,3,1
1,69.7,1,0,0,4,1,50,27.9,0,0
0,37.2,0,1,1,1,0,100.0,38.3,2,1
0,57.7,0,0,1,1,1,166.2,40.3,0,1
1,54.8,0,0,1,0,0,108.9,24.3,3,0
1,31.2,0,0,0,0,0,98.2,30.0,2,0
1,13.4,1,1,1,3,1,123.5,31.6,0,1
0,43.8,1,0,0,2,0,187.7,33.9,3,1
1,54.2,1,1,0,3,1,117.2,23.3,1,1
1,1.2,1,1,0,1,1,95.2,19.1,2,0
0,69.0,0,0,1,1,0,50,29.4,1,0
0,79.6,1,1,1,2,0,96.2,23.8,2,1
1,48.3,1,0,0,3,1,129.0,19.0,0,1
0,26.4,1,0,1,3,1,111.5,30.1,1,0
0,66.3,0,1,1,4,1,71.9,30.0,1,1
0,77.5,1,0,1,4,0,99.2,36.2,3,1
1,33.0,1,0,1,4,1,50,32.9,0,1
0,71.2,1,0,1,3,1,62.2,27.6,0,0
1,3.7,1,1,0,3,1,119.6,23.4,2,1
0,35.0,0,0,1,4,1,109.1,31.0,1,0
1,61.2,1,1,0,0,1,150.1,15.7,0,1
0,59.6,0,0,0,1,0,104.7,22.7,2,0
1,21.1,1,1,1,3,0,50.6,19.6,3,1
0,55.9,1,1,1,3,0,140.1,38.1,0,1
0,73.7,1,0,0,0,1,50,24.3,2,0
1,71.1,0,0,1,1,1,68.7,37.6,0,1
0,56.8,0,1,0,0,0,114.7,42.9,0,1
0,52.0,1,1,0,3,1,130.9,28.7,1,1
1,55.7,0,0,0,2,0,90.1,37.7,2,1
0,46.4,1,0,1,4,1,147.1,19.1,2,0
0,13.4,1,0,0,2,1,106.7,24.9,0,0
1,64.2,0,0,1,1,0,109.2,28.0,0,1
1,73.6,0,0,0,3,1,105.0,39.1,1,0
0,75.0,1,1,0,0,1,78.2,30.9,1,1
1,18.7,0,1,0,0,1,127.6,19.3,3,0
0,72.2,1,1,0,4,0,73.7,30.1,1,1
1,17.6,0,0,1,1,1,87.9,22.6,2,0
1,64.5,1,1,1,1,0,80.0,21.1,0,1
0,14.3,1,0,0,1,1,127.6,29.0,3,0
0,3.3,0,1,1,1,0,145.7,24.2,0,0
0,59.1,0,1,0,0,1,50,24.7,1,1
1,47.8,0,0,1,1,0,146.9,36.7,3,0
0,39.4,1,1,0,2,0,107.8,37.9,1,1
0,40.3,1,0,0,1,1,69.4,29.7,3,1
1,47.9,1,1,1,2,0,65.5,33.3,0,1
0,79.0,0,1,0,0,0,99.4,25.9,1,1
0,11.3,0,1,1,2,0,50,26.3,2,0
1,49.2,1,1,1,3,0,127.0,29.2,1,1
0,70.4,0,0,0,2,1,113.5,21.7,3,0
1,26.5,1,1,0,3,1,128.7,20.8,3,1
1,47.3,1,1,0,1,1,108.0,27.0,1,1
0,44.4,1,1,0,4,0,85.3,27.7,3,1
1,38.4,0,1,0,1,0,88.9,31.0,2,1
0,62.1,0,0,1,3,1,159.4,33.1,2,0
0,81.7,0,1,0,4,1,60.9,26.4,1,1
1,54.6,1,0,1,4,1,154.9,24.1,1,1
0,35.8,0,1,0,0,0,82.8,26.3,3,1
1,62.8,0,0,1,4,1,144.5,23.2,2,0
1,63.0,1,0,1,4,0,138.4,21.0,3,1
1,59.0,1,1,0,1,0,126.0,24.1,0,1
0,26.4,1,0,1,0,1,166.5,24.9,0,0
1,34.7,1,0,1,1,1,94.3,17.4,0,0
1,12.3,1,0,1,2,0,108.0,23.1,2,0
1,52.7,0,1,1,0,0,50,16.2,1,0
1,4.8,1,0,1,3,0,50,20.2,2,0
1,11.2,1,1,1,4,0,69.0,36.8,2,1
1,46.6,1,1,0,0,0,166.0,17.0,0,1
1,66.0,1,0,1,1,1,135.9,26.1,3,1
0,52.3,1,0,0,2,0,101.4,22.4,1,1
0,70.8,0,1,1,0,1,82.7,31.8,1,1
1,10.0,1,1,1,3,1,116.2,22.1,2,1
1,42.5,0,1,1,0,0,89.7,11.8,3,0
0,78.9,0,0,1,2,1,73.7,30.1,2,1
0,57.7,1,1,1,3,0,160.9,22.7,0,1
0,66.4,1,0,1,0,1,50,33.6,0,1
1,20.3,0,0,0,0,0,164.3,22.5,0,0
1,68.1,0,1,1,1,1,182.2,20.5,2,1
0,49.4,0,0,0,3,0,97.1,37.1,0,1
0,4.2,1,0,1,1,1,96.1,37.8,0,0
1,30.9,1,0,0,4,1,118.7,27.4,3,0
1,13.3,1,1,1,2,1,50,29.7,1,0
1,30.0,0,1,0,2,1,103.4,29.3,0,0
1,52.4,1,0,1,3,1,123.6,19.0,2,1
0,5.9,0,1,1,4,1,167.3,23.9,0,0
0,25.4,1,1,0,2,0,118.6,20.5,1,1
0,42.8,1,1,1,1,0,105.8,29.3,2,1
0,75.0,0,0,1,2,1,132.3,20.7,1,0
0,30.0,0,1,0,1,1,118.7,29.3,3,1
1,1.4,1,0,0,3,0,136.7,29.0,3,1
1,16.0,1,0,1,3,0,125.2,28.2,0,0
0,80.5,0,1,1,2,0,66.6,32.8,1,1
1,62.6,1,1,0,2,1,76.4,24.3,2,1
0,79.2,1,0,1,3,1,61.1,26.5,0,0
1,64.0,1,1,1,1,0,98.6,36.6,1,1
0,62.5,0,0,0,0,0,53.9,20.2,3,0
1,68.4,1,0,0,3,0,168.6,48.4,3,1
0,81.7,0,0,0,3,1,108.4,18.1,3,0
1,58.0,1,1,0,4,1,136.9,26.3,3,1
0,68.5,0,0,1,3,0,68.4,28.1,2,0
1,6.3,0,1,1,4,0,136.3,35.4,2,0
1,33.5,0,1,1,3,1,152.5,15.0,2,1
1,76.3,0,0,0,0,1,140.6,32.6,2,1
0,38.3,0,0,0,3,0,82.8,46.9,0,0
1,20.3,1,0,1,2,1,50,33.5,1,0
1,53.2,1,1,0,2,1,170.0,32.1,2,1
1,64.5,0,0,0,2,1,114.4,18.9,3,1
1,15.9,1,0,1,4,0,50,39.4,0,0
0,30.1,0,1,0,4,0,93.8,30.7,2,0
0,63.5,1,1,1,3,1,83.7,33.0,2,1
0,79.2,0,1,0,0,1,50,27.3,1,1
0,34.5,0,0,0,1,1,153.8,24.6,1,0
1,54.2,1,1,1,1,1,165.7,22.3,3,1
0,19.2,1,0,0,2,0,114.9,36.6,3,0
1,61.3,0,1,1,3,1,59.1,19.6,2,1
1,38.1,0,0,1,0,1,109.1,17.5,0,0
1,68.2,1,0,1,0,0,133.7,38.7,2,1
0,74.9,0,1,1,3,0,50,40.8,0,1
0,58.3,1,0,0,3,1,110.5,27.9,0,1
0,21.1,1,0,0,2,0,146.3,19.5,0,0
1,68.2,1,1,0,4,0,95.1,27.0,3,1
1,29.6,1,1,1,3,1,169.1,28.8,3,1
1,72.2,1,1,0,0,1,81.2,32.3,3,1
1,45.8,0,1,0,0,0,141.9,22.6,2,1
0,76.9,1,1,0,2,1,114.7,28.8,2,1
1,23.5,0,1,1,0,0,79.3,39.4,0,0
1,75.9,1,1,1,4,1,77.1,35.2,2,1
1,22.2,1,1,0,1,0,78.7,33.0,3,1
1,46.3,1,1,1,1,1,95.8,29.0,3,1
0,43.2,0,1,0,2,0,144.9,28.4,1,1
1,44.9,1,0,1,4,1,135.9,28.3,0,1
1,33.9,1,1,1,3,1,167.1,36.6,0,1
1,49.5,1,1,0,1,0,50.8,17.0,1,1
1,25.1,0,1,1,2,1,50,23.2,2,0
0,79.7,0,1,0,0,0,174.4,24.7,3,1
1,23.1,1,0,0,4,0,70.1,26.2,2,0
0,42.5,1,0,1,0,1,50,31.5,3,1
1,52.9,1,1,1,1,1,110.9,31.2,1,1
0,41.5,1,0,1,1,1,111.0,33.3,1,1
1,22.0,0,0,1,3,0,84.1,22.3,0,0
0,81.9,0,0,1,2,0,177.9,37.1,0,1
0,67.7,0,1,1,4,0,149.6,40.5,0,1
1,71.6,1,0,1,4,1,145.1,22.2,1,1
1,3.7,0,0,1,4,0,136.3,28.1,3,0
1,36.7,1,1,1,2,0,59.0,18.3,3,1
0,34.3,1,1,0,0,0,163.8,19.2,0,1
0,49.9,0,1,0,1,1,142.1,27.0,0,1
1,67.8,1,1,0,1,1,111.2,35.3,2,1
0,54.8,1,1,0,1,0,181.2,38.2,2,1
1,24.4,0,1,0,1,1,109.3,33.5,0,0
0,41.8,0,0,0,2,0,117.2,29.3,0,0
0,51.2,1,1,0,4,0,198.5,23.5,0,1
1,36.3,1,1,0,4,1,139.4,31.0,2,1
0,24.2,0,1,1,0,0,82.0,31.0,0,0
1,77.9,0,0,1,3,0,148.8,29.1,3,1
1,63.7,1,0,1,0,0,97.5,22.7,3,1
0,74.9,1,1,1,0,1,120.6,25.3,3,1
0,67.7,0,1,0,2,0,153.6,21.9,1,1
0,77.6,1,0,0,2,0,149.1,30.4,2,1
0,18.9,0,1,1,1,1,59.3,24.6,2,0
1,61.2,0,0,0,1,0,128.2,26.0,2,1
1,18.9,1,0,1,2,1,57.3,25.5,1,0
1,36.4,1,0,0,1,1,123.4,24.5,2,1
0,19.7,1,0,1,3,1,50,26.9,1,1
1,32.5,0,1,1,1,0,183.9,22.2,1,0
1,30.4,0,0,1,2,0,50,40.0,3,0
0,72.8,1,0,1,1,1,136.8,23.7,0,1
1,79.4,1,0,1,4,1,145.7,25.3,3,1
0,77.3,0,0,0,0,1,217.9,29.9,0,1
1,72.7,0,0,1,4,1,90.6,34.3,0,0
1,12.0,0,1,1,1,0,138.8,32.4,3,1
1,60.7,0,0,0,4,1,111.5,24.1,3,1
0,22.6,1,0,1,1,1,50,17.9,1,0
1,11.1,1,0,1,0,0,50,39.6,2,0
1,65.1,0,0,0,0,0,100.8,35.4,3,1
0,56.1,0,1,1,4,1,50,29.7,2,0
1,62.4,0,1,1,0,0,75.0,31.2,1,1
1,14.0,0,0,0,4,1,52.7,28.0,3,0
0,60.2,0,1,0,3,0,85.2,37.2,1,1
0,4.2,1,0,1,3,1,125.9,32.7,0,0
0,51.1,0,0,0,4,1,97.1,36.9,0,0
0,65.8,1,0,1,0,1,69.9,43.5,2,1
1,53.1,0,0,0,2,1,146.2,28.3,2,0
0,55.6,0,1,1,2,1,75.2,34.8,2,1
0,41.9,0,1,0,1,1,50,30.6,3,1
1,0.3,1,0,0,0,1,148.2,21.0,0,0
0,33.2,1,1,1,2,1,59.0,23.0,2,1
0,41.9,1,0,1,1,1,88.5,29.5,1,1
0,60.3,1,1,0,1,1,72.2,21.0,3,1
1,34.6,1,0,1,1,0,87.5,28.9,1,0
1,57.4,0,1,1,4,1,81.4,38.7,1,0
0,39.0,1,1,0,4,1,128.4,39.6,2,1
0,49.8,1,1,1,3,1,105.8,33.3,1,1
0,19.1,1,1,1,4,0,82.2,22.7,2,1
1,27.5,1,1,0,4,0,140.9,33.5,1,1
0,64.0,1,0,0,4,1,143.8,19.6,0,1
0,57.9,1,1,1,2,1,61.3,28.3,2,1
0,26.3,0,0,1,1,1,50,21.2,2,0
1,12.8,0,0,1,1,0,128.3,21.1,3,0
0,74.5,1,0,0,0,1,50,36.0,2,1
1,40.6,1,1,0,3,0,66.9,27.8,0,1
1,74.5,0,0,0,1,1,168.0,44.9,3,1
0,68.1,0,0,0,4,1,125.9,26.5,0,0
1,6.6,0,1,0,1,0,118.6,27.1,1,0
1,51.0,0,1,1,1,0,237.5,42.5,1,1
0,40.7,1,1,1,3,0,132.4,24.7,0,1
0,74.6,1,0,0,3,1,163.6,35.7,3,1
0,47.7,0,1,1,4,0,107.0,10.5,3,1
0,4.5,0,0,1,4,1,154.2,25.3,1,0
0,56.3,0,1,0,3,1,103.9,26.2,2,1
1,30.5,0,1,0,0,0,119.5,25.9,0,0
0,71.0,1,1,1,4,0,114.7,21.5,3,1
1,42.7,1,0,1,4,0,68.3,25.7,2,1
1,69.7,1,1,0,1,1,96.8,27.6,0,1
0,62.1,0,1,1,0,0,50,33.6,1,1
1,59.6,0,0,1,3,0,125.4,30.6,2,0
1,40.0,0,1,0,1,0,62.9,39.8,2,1
0,56.7,1,1,0,1,0,171.3,32.5,0,1
1,8.6,1,0,1,0,0,114.2,25.0,0,0
0,60.5,1,1,1,4,1,78.2,32.4,1,1
0,7.2,1,1,0,2,1,108.3,31.6,3,1
0,39.4,0,0,1,0,0,159.8,21.9,1,0
0,74.6,0,1,1,3,0,87.0,26.7,2,1
1,15.2,1,1,1,4,0,188.7,45.6,0,1
0,62.8,0,0,0,3,1,210.8,27.6,3,1
0,77.4,1,1,0,4,1,125.0,32.4,1,1
0,28.6,0,1,1,1,1,158.4,36.9,3,1
1,73.6,0,0,1,0,1,57.0,26.7,1,0
1,23.1,1,1,1,0,0,97.5,19.6,3,1
0,39.9,1,0,0,0,0,121.0,31.0,1,1
0,62.7,0,1,0,0,0,142.8,25.2,1,1
0,49.8,0,0,0,4,1,142.3,31.6,1,1
1,37.8,1,0,1,3,1,57.4,36.9,3,1
1,18.6,0,0,1,3,0,74.7,31.5,2,0
1,7.5,0,1,1,1,0,71.6,32.0,0,0
0,0.1,0,0,0,0,1,50,28.6,2,0
1,23.8,1,0,0,0,0,173.3,41.1,2,1
1,73.7,1,0,1,1,1,97.0,32.5,0,0
1,4.6,0,1,0,3,1,130.8,26.2,2,0
0,75.4,1,0,0,2,1,73.7,27.8,0,1
1,48.2,1,0,1,2,1,87.0,35.4,1,0
0,64.6,0,0,0,1,0,126.9,30.5,3,0
0,51.1,0,1,0,3,1,101.5,26.7,3,1
1,54.5,1,0,1,3,0,64.0,28.3,2,1
0,2.5,0,0,0,0,0,68.9,30.6,0,0
0,74.3,0,1,1,1,0,133.7,20.7,0,0
1,43.4,1,0,0,4,1,101.2,32.0,2,1
0,52.6,0,1,0,1,0,72.6,31.6,1,1
1,47.3,1,1,1,4,0,107.9,27.7,0,1
1,21.2,0,1,0,2,1,202.8,29.0,1,0
0,33.2,0,0,1,3,1,97.8,28.9,2,0
1,79.7,0,1,1,1,0,159.4,37.7,0,1
1,43.5,1,0,0,1,1,112.0,19.0,2,1
1,69.0,0,0,0,1,0,62.5,28.3,3,1
0,19.8,0,1,1,1,1,75.0,18.8,0,0
1,10.8,0,0,0,1,0,140.7,28.9,3,0
1,5.6,1,1,0,4,1,146.9,36.1,0,1
0,59.5,1,1,1,4,1,100.8,12.9,2,1
0,36.4,1,0,1,3,1,50,23.3,0,0
0,45.1,1,1,0,4,0,58.8,31.5,2,1
0,33.9,0,1,1,2,0,145.1,47.8,2,1
1,7.8,0,1,1,3,1,146.8,32.2,2,0
0,64.7,1,0,0,4,1,50,39.1,2,1
0,55.3,1,1,0,0,1,156.9,31.3,0,1
1,7.0,0,1,0,0,0,155.3,22.2,1,0
1,24.6,1,0,1,2,0,50,18.6,0,0
1,65.1,0,0,0,4,0,125.5,30.5,3,1
0,41.2,1,0,1,3,1,203.7,22.7,1,1
1,58.8,0,0,0,1,1,98.9,33.3,0,0
0,42.9,1,1,0,1,0,84.5,25.9,0,1
0,66.9,0,0,1,1,0,165.1,25.1,0,0
1,24.5,1,0,1,3,1,90.6,35.0,3,1
1,54.8,1,1,0,1,0,61.4,46.1,0,1
0,61.5,0,0,0,4,0,108.1,30.5,2,1
0,66.8,1,0,0,1,0,50,30.9,1,1
0,5.3,1,0,1,3,0,136.3,27.2,2,0
1,49.4,1,1,0,0,1,108.8,28.0,0,1
0,19.5,1,0,1,4,1,101.2,19.6,0,0
0,15.6,0,1,0,1,1,106.0,28.1,0,0
1,48.2,0,1,0,3,0,143.0,26.4,0,0
0,71.7,0,0,0,1,0,51.9,23.8,2,0
1,35.8,0,0,1,1,1,142.0,22.5,0,0
1,20.3,0,1,0,2,0,50,42.0,0,0
1,2.3,1,1,1,1,0,50,23.4,0,0
1,39.4,1,0,0,1,1,73.0,28.6,1,0
0,32.4,0,0,0,2,1,112.9,27.4,2,0
0,1.4,1,0,0,4,0,50,30.9,2,0
0,77.2,1,1,0,4,1,50,25.6,1,1
1,74.0,1,1,1,2,0,102.9,29.2,3,1
0,0.3,0,0,0,4,1,137.6,27.2,3,0
1,81.6,1,0,0,1,1,51.9,30.0,2,1
0,61.6,0,1,0,1,0,111.3,25.6,1,1
1,29.4,0,1,0,2,1,215.3,13.4,1,0
0,12.4,1,1,1,3,1,50,31.2,1,1
1,43.2,1,0,0,1,1,119.6,37.8,3,1
1,5.1,1,1,1,0,1,116.6,16.4,1,0
1,24.2,1,1,1,1,0,50,26.3,2,0
1,42.3,0,0,1,1,1,81.8,29.1,1,0
0,15.7,0,0,0,2,0,121.5,37.4,3,0
1,28.2,1,1,0,0,0,50,41.0,0,1
1,23.0,1,0,1,0,0,71.3,20.7,2,0
1,70.4,1,0,0,3,0,123.7,39.7,0,1
1,33.1,1,1,1,2,1,50,24.3,0,0
0,31.1,1,1,0,3,0,79.1,29.9,3,1
1,18.6,1,0,1,3,0,50,24.2,0,0
0,65.5,1,0,1,3,1,75.5,34.3,0,1
1,65.6,0,0,0,2,0,85.3,30.5,1,0
0,73.1,0,0,1,0,0,124.7,40.8,3,1
0,8.8,0,1,0,1,1,50,20.3,1,0
0,40.3,1,1,1,1,0,99.9,17.7,0,1
1,62.8,0,1,0,0,0,86.5,32.9,3,1
1,4.4,0,1,1,3,0,73.8,16.8,3,0
0,18.0,1,1,0,4,1,146.5,21.4,2,0
1,72.4,0,0,1,3,0,149.0,36.8,3,1
1,73.7,1,1,0,2,0,56.5,34.0,1,1
0,76.8,1,0,0,1,1,76.9,32.2,2,1
1,23.9,0,0,1,2,1,166.6,30.3,2,0
0,10.3,1,1,1,3,1,69.1,34.4,1,1
0,60.9,1,1,0,0,0,50,34.3,0,1
1,19.4,1,1,1,1,1,174.8,28.0,1,1
0,43.7,0,1,0,1,0,134.1,32.4,3,0
1,17.0,1,0,0,1,0,59.4,41.0,1,0
1,22.7,0,0,0,0,0,143.0,40.7,0,0
1,76.6,1,0,0,1,0,106.4,28.4,1,1
0,6.5,0,1,0,3,1,185.5,33.4,3,0
1,21.6,0,0,0,3,1,177.9,35.8,2,0
1,68.9,0,1,1,1,0,180.5,24.1,3,1
1,14.7,1,0,1,4,0,50,31.8,1,0
0,15.5,1,0,1,3,1,60.9,25.6,1,0
0,20.9,1,0,0,1,1,180.4,21.3,2,1
1,19.6,0,1,1,0,1,83.2,26.6,2,0
0,61.1,0,1,0,4,0,176.1,32.3,3,1
1,80.6,1,1,0,4,0,60.2,30.1,1,1
0,77.6,1,0,0,2,1,143.1,27.7,2,1
1,72.2,0,0,1,0,0,99.8,35.6,0,0
1,21.6,1,0,0,0,1,75.4,22.7,1,0
0,27.7,1,0,1,4,1,50,26.3,2,1
1,19.7,0,0,0,3,0,107.4,33.6,2,0
1,7.7,1,1,0,4,1,102.6,31.9,0,1
1,25.6,1,1,1,3,1,104.6,26.5,1,1
0,66.5,1,0,0,4,0,54.6,20.6,1,0
1,61.8,0,0,1,4,0,149.6,35.6,1,1
1,33.3,0,1,0,1,0,76.5,33.1,3,1
1,34.1,0,1,1,0,1,104.4,29.7,2,0
1,39.2,0,0,0,4,1,130.7,31.0,3,0
1,9.3,0,0,0,4,1,50,22.6,2,0
1,74.9,0,0,0,0,1,100.4,34.8,2,1
1,52.9,0,0,1,1,1,121.5,18.3,3,0
0,50.0,1,1,1,2,1,86.4,33.9,1,1
1,42.4,0,1,1,4,0,116.2,26.2,1,1
1,48.4,0,1,1,2,1,57.1,31.4,1,1
0,71.4,1,0,0,1,0,96.4,20.2,0,1
0,0.8,1,0,0,2,1,79.5,19.1,0,0
1,56.7,1,1,0,3,1,132.5,22.0,1,1
0,0.9,0,0,0,3,0,172.1,39.0,2,0
1,26.9,1,1,0,3,0,136.0,30.4,1,1
1,3.2,1,1,1,4,1,73.3,14.4,2,0
1,31.8,0,1,0,2,1,127.0,24.9,3,0
1,56.1,0,1,0,0,0,95.7,32.9,1,1
0,43.1,0,1,1,4,1,98.6,23.9,3,0
1,33.5,1,1,0,4,0,140.5,16.1,1,0
1,29.4,1,1,0,4,1,62.9,32.3,0,1
0,79.3,0,0,1,3,0,94.6,24.4,0,0
0,80.1,1,1,0,4,0,118.8,24.6,3,1
1,19.4,0,0,1,2,0,72.7,30.9,2,0
0,80.6,0,0,1,1,0,100.1,21.2,2,0
1,56.5,1,0,0,4,1,65.6,35.4,3,1
0,2.6,1,0,0,4,0,112.4,37.7,0,0
1,3.7,0,1,0,0,0,67.0,40.8,0,0
1,78.2,1,0,0,3,1,78.9,29.0,2,1
0,54.3,1,1,1,4,1,127.1,29.3,3,1
0,11.6,0,1,0,1,0,94.8,22.6,2,0
0,65.6,0,1,0,3,0,167.1,34.8,2,1
1,7.9,1,0,0,0,1,50,31.1,1,0
0,77.8,1,1,1,2,1,110.7,31.5,1,1
1,68.7,1,1,1,4,1,57.3,10,1,1
0,53.8,0,0,1,0,1,121.8,36.8,0,1
1,53.0,0,0,0,1,1,72.4,28.4,0,0
0,27.7,1,1,1,2,1,82.2,23.6,0,1
0,5.6,0,1,0,1,1,50,29.5,0,0
0,58.8,0,1,1,2,1,135.8,18.1,0,0
1,11.2,1,0,0,1,0,143.0,32.7,3,1
0,56.6,0,0,1,1,1,50,24.7,0,0
0,49.1,1,0,1,1,1,125.3,24.6,2,1
0,3.3,1,0,0,4,0,112.7,32.3,0,0
0,0.7,0,0,0,1,1,159.7,38.0,2,0
0,7.8,1,0,0,2,0,124.1,25.5,3,0
0,35.8,1,1,1,3,1,53.1,34.6,2,1
0,21.9,1,1,0,1,0,50,31.1,3,1
0,31.9,0,0,0,3,0,55.2,32.4,1,0
0,17.1,1,0,0,2,0,56.7,33.3,3,0
1,78.3,0,0,0,3,0,74.8,39.1,1,1
0,59.6,0,0,0,2,0,194.7,26.2,2,1
1,22.4,1,1,0,2,0,112.3,22.9,2,1
1,27.1,1,1,1,2,0,71.4,26.2,0,1
0,53.8,1,0,0,1,0,81.9,20.9,3,1
0,40.3,0,0,1,1,1,216.8,25.1,1,0
0,26.1,1,0,0,3,1,100.5,32.1,3,1
1,28.7,1,1,0,2,1,116.6,42.1,3,1
1,77.5,1,1,0,1,0,50,22.2,1,1
0,41.5,0,1,0,2,1,77.8,21.2,3,1
1,44.0,1,0,1,4,1,167.0,17.8,2,1
1,12.8,0,0,1,2,0,122.9,35.2,2,0
1,76.2,1,0,1,4,1,111.0,31.1,0,1
1,74.1,1,1,1,4,0,68.3,31.4,0,1
1,19.3,1,0,1,3,0,155.5,29.6,2,1
0,69.2,0,0,1,0,1,50,27.4,3,0
0,14.3,1,0,1,2,0,50,33.9,3,0
0,28.6,0,1,0,2,1,129.6,26.8,3,1
1,66.5,0,0,1,0,1,67.7,26.2,3,1
1,49.6,0,1,1,0,0,96.2,23.6,3,1
1,39.3,1,1,0,2,0,81.6,35.0,2,1
0,16.9,0,0,0,3,1,191.1,31.3,2,0
1,4.1,0,0,1,0,0,122.7,26.4,0,0
0,58.8,1,0,0,3,0,141.4,34.2,3,1
1,18.9,1,0,1,2,1,117.5,25.7,0,0
0,44.5,1,1,0,0,0,202.0,26.5,2,1
0,48.2,1,0,1,2,1,70.0,33.2,1,1
1,25.6,0,0,1,0,1,50,31.3,0,0
1,59.0,1,1,0,1,1,50,22.9,3,1
1,71.4,1,1,1,3,1,50,31.1,0,1
1,52.3,0,1,1,0,0,154.7,32.4,0,0
0,65.6,1,0,1,1,0,52.5,40.8,0,1
0,69.1,0,1,1,0,1,88.7,10,3,1
0,51.5,1,0,0,0,1,92.0,10.4,1,0
1,54.9,0,1,1,1,0,206.4,31.8,3,1
0,43.4,0,0,1,1,1,50,25.5,1,0
0,57.4,0,1,1,0,0,118.3,37.9,0,1
0,18.1,0,1,1,4,1,74.1,19.8,0,0
0,65.9,1,0,1,2,1,128.4,27.0,2,0
1,5.5,1,0,1,4,0,71.4,31.4,1,0
0,53.3,0,0,1,1,0,105.2,15.4,2,0
1,22.1,0,1,1,1,0,148.3,25.6,0,0
0,43.0,1,1,1,2,1,72.7,33.4,3,1
1,70.5,1,0,1,4,1,141.4,28.0,0,1
1,24.2,0,0,1,2,0,158.7,38.6,3,0
1,30.0,0,0,0,3,0,141.3,26.1,0,0
1,10.7,0,0,1,3,1,113.4,31.8,3,0
0,29.2,1,1,1,0,0,50,47.5,2,1
1,60.4,0,0,1,2,1,198.7,34.3,2,1
1,0.4,1,0,1,1,1,141.4,25.3,3,0
1,75.2,1,1,0,2,1,130.9,18.2,2,1
0,77.8,0,1,0,2,1,66.6,36.8,3,1
0,73.6,0,1,1,2,1,50,21.4,0,0
0,34.1,0,0,0,1,0,50,19.0,3,0
1,78.2,1,1,1,4,1,63.1,20.1,2,1
0,44.2,0,0,0,3,1,167.3,33.7,1,1
0,72.1,0,0,0,0,0,65.2,26.6,1,0
1,46.1,1,1,0,2,1,176.2,26.8,2,1
0,77.0,0,1,1,1,1,164.0,31.4,0,1
1,61.0,1,1,1,4,0,72.3,25.7,1,1
0,51.9,1,1,0,4,0,180.1,32.9,1,1
1,42.8,0,0,0,4,0,96.9,13.3,0,0
1,39.7,0,0,1,4,1,54.7,38.5,3,0
1,10.4,1,0,0,0,0,84.0,34.2,0,0
0,59.9,1,1,1,2,0,50,23.0,3,1
1,15.5,1,1,1,0,0,72.6,33.5,1,1
0,26.4,1,1,1,4,0,161.5,29.1,1,1
1,41.4,0,0,1,1,0,118.0,26.5,3,1
0,3.8,1,0,1,3,1,56.2,35.6,3,0
0,78.1,1,1,0,4,0,93.5,29.0,0,1
0,50.4,0,0,1,0,1,73.7,33.1,1,0
0,78.5,1,0,1,2,1,70.0,31.0,2,1
0,35.4,1,0,1,0,1,67.1,31.2,3,1
1,81.5,0,1,1,2,1,50,32.1,3,1
0,3.5,0,1,0,3,0,107.1,29.0,3,0
1,7.0,0,1,1,2,0,106.8,42.4,1,0
1,33.3,1,0,1,4,1,134.8,35.6,2,1
0,51.8,1,0,0,4,0,157.4,23.7,0,1
1,59.8,0,0,1,0,1,50,21.4,2,0
0,33.9,0,0,0,4,1,73.7,39.6,0,0
0,21.2,0,0,0,3,1,138.8,27.3,2,0
1,47.0,0,1,1,3,0,116.8,20.6,2,0
1,32.2,1,0,0,1,0,134.5,31.8,0,0
1,29.9,1,1,0,0,1,137.2,10,3,1
1,30.3,1,1,0,3,0,132.9,17.9,2,1
1,71.7,0,0,0,3,1,138.8,31.3,1,0
0,24.1,0,1,1,1,0,203.4,18.8,3,1
0,59.8,0,0,1,3,0,115.3,22.3,0,0
1,25.3,1,0,1,4,0,102.1,23.7,1,0
1,2.4,1,0,0,2,0,150.8,36.2,3,1
1,43.5,1,0,0,3,1,99.0,23.3,1,0
0,28.6,1,0,1,0,0,50,21.7,3,1
0,53.9,0,0,1,0,1,67.2,33.1,0,0
0,1.9,0,1,1,2,0,164.1,19.2,1,0
1,12.1,0,0,0,4,0,115.3,23.6,2,0
1,60.4,0,0,1,1,0,166.6,45.0,2,1
1,21.1,1,0,1,1,1,101.0,42.1,3,1
0,55.7,1,0,0,3,0,70.4,24.8,0,1
1,24.5,0,1,1,1,0,87.0,33.1,1,1
0,73.9,0,1,0,0,0,67.2,28.3,2,1
1,64.2,0,0,1,2,0,148.0,38.2,0,0
0,64.7,0,0,0,1,0,144.4,19.1,1,0
1,35.5,1,1,1,0,0,159.8,31.4,1,1
0,17.7,1,0,1,4,1,134.2,20.9,0,0
0,16.4,1,1,1,4,0,128.9,35.9,0,1
1,46.4,0,0,0,0,1,146.7,34.9,3,1
0,18.6,0,0,1,3,0,86.4,30.8,1,0
1,36.7,1,1,1,3,1,71.8,30.4,2,1
0,20.9,0,0,1,1,1,132.2,32.9,1,0
0,13.1,0,1,0,2,0,50,31.2,0,0
1,2.7,1,1,0,2,0,172.0,23.4,3,1
1,0.9,0,1,0,3,1,173.0,32.4,0,0
1,24.2,1,1,1,4,1,143.0,33.3,1,1
1,79.8,0,1,1,0,1,159.2,15.3,1,1
0,34.9,1,0,1,4,0,50,32.6,2,1
0,46.6,1,0,1,3,1,57.1,33.5,2,0
0,15.9,1,1,1,3,0,104.3,19.5,1,0
0,24.6,1,0,0,0,1,55.8,35.3,2,0
0,5.3,0,1,0,4,0,50,37.2,3,0
0,21.2,0,1,1,1,0,50,27.4,2,0
1,27.3,1,1,0,3,0,92.6,16.2,1,0
1,7.0,1,1,1,0,1,127.8,33.6,3,1
0,21.1,0,0,0,1,0,67.2,17.8,0,0
0,57.8,1,0,0,3,1,164.1,29.1,1,1
0,15.2,1,1,1,2,0,81.1,10,0,0
0,50.5,0,0,0,2,0,97.4,25.9,3,1
0,35.4,1,0,1,3,1,108.9,29.4,0,0
0,31.2,1,0,1,4,0,133.1,30.2,1,0
1,56.7,1,1,1,4,1,146.5,38.9,0,1
0,78.6,0,0,1,2,0,50,31.6,3,1
0,15.5,0,0,0,3,1,86.8,21.5,2,0
0,18.8,1,0,1,4,0,96.9,25.2,0,0
1,60.9,0,0,0,2,1,162.9,24.9,3,1
0,20.0,1,1,0,0,0,76.4,29.2,3,1
0,42.9,1,0,0,1,0,50,29.2,3,1
0,56.2,1,1,1,4,0,50,23.8,2,1
1,71.1,1,1,0,1,1,171.2,20.2,2,1
1,16.9,1,0,1,1,0,130.8,43.7,2,1
1,41.9,0,0,0,1,0,77.4,50.0,1,1
0,41.8,0,1,1,0,1,175.0,12.8,2,0
1,23.3,1,0,1,1,1,77.8,20.8,2,0
0,2.8,0,1,1,0,0,141.0,30.3,2,0
0,0.9,0,1,0,0,0,130.0,27.2,0,0
0,67.8,0,1,1,2,1,59.1,25.5,3,1
1,57.0,0,0,0,2,1,75.7,22.1,0,0
0,35.8,0,1,1,0,0,155.2,19.7,1,1
1,60.8,0,0,1,0,1,156.2,33.4,3,0
0,64.3,1,1,1,3,1,109.5,29.6,3,1
0,48.7,1,0,0,1,1,114.9,29.6,0,1
0,9.7,0,0,0,1,0,103.0,35.0,1,0
1,30.2,0,1,1,4,0,166.9,36.0,2,1
1,5.7,0,1,0,4,0,85.5,34.1,0,0
0,64.2,0,1,0,4,1,94.2,24.2,0,0
1,21.8,0,1,1,1,1,85.0,25.9,2,1
1,16.6,1,0,0,4,1,107.0,28.3,3,0
0,25.9,0,1,1,4,1,106.6,36.4,2,1
1,3.0,1,0,0,1,0,109.6,25.7,2,0
1,64.9,1,0,0,2,1,91.2,37.5,2,1
0,49.0,0,0,0,2,1,101.7,22.7,1,0
1,0.3,1,1,1,2,1,50,25.9,3,0
0,55.3,1,0,0,3,1,87.0,28.5,1,1
1,50.2,1,0,0,1,1,94.2,35.0,0,1
1,11.7,1,0,1,3,0,147.9,24.4,1,1
1,12.9,0,1,1,1,1,107.9,30.8,1,0
1,74.4,1,1,1,1,0,175.1,28.7,2,1
0,75.4,0,0,1,0,0,154.1,20.8,0,0
1,25.7,1,1,0,0,1,71.2,12.9,1,0
0,32.5,1,1,1,3,0,67.5,30.9,3,1
1,41.6,0,1,1,3,1,125.5,31.6,2,1
0,46.4,0,1,1,2,0,96.9,49.1,1,1
0,60.6,0,0,1,3,1,50,17.7,0,0
0,24.3,1,0,1,0,0,96.9,44.7,3,1
0,1.3,0,1,0,3,1,80.1,23.1,0,0
1,46.3,1,0,1,3,1,50,41.5,1,1
1,3.6,1,0,1,4,1,162.7,29.7,2,0
0,26.8,0,1,0,3,0,165.6,34.1,2,1
1,73.6,0,1,0,3,1,194.5,24.9,1,1
0,1.4,0,1,0,2,0,50,35.9,2,0
1,29.1,1,0,1,4,1,156.2,29.4,3,1
1,25.2,1,0,0,4,1,119.3,23.1,1,1
0,70.6,1,1,1,0,0,114.6,27.0,0,1
0,42.5,0,1,0,1,1,93.5,35.8,2,1
1,69.8,0,1,0,1,0,115.1,23.5,3,1
0,28.6,0,0,1,4,0,123.7,25.5,1,0
0,60.9,1,1,1,1,0,153.8,30.9,1,1
1,0.8,1,0,1,4,1,168.4,22.2,3,0
1,43.1,1,1,1,4,1,248.1,43.4,2,1
1,46.8,0,1,1,2,1,126.6,27.2,3,1
1,44.5,0,0,1,4,0,50.2,33.6,0,0
1,39.3,1,0,0,1,0,118.4,34.5,0,0
1,34.4,1,0,1,2,1,78.5,30.4,1,0
0,73.7,1,1,0,4,1,158.1,16.0,1,1
0,20.3,0,1,0,4,1,144.4,28.1,2,1
0,34.1,1,0,1,0,0,50,31.4,3,1
0,32.7,1,0,1,2,0,87.4,26.7,1,0
0,78.0,1,0,0,2,1,164.2,19.6,1,1
1,24.4,1,0,0,0,0,50,35.0,1,0
1,9.2,1,0,0,2,1,117.1,25.3,3,0
0,60.5,0,1,1,2,0,50,33.7,3,1
0,65.3,1,1,0,4,0,91.8,26.9,0,1
0,63.6,1,0,1,0,1,77.1,30.5,0,1
1,64.2,1,0,0,2,0,148.0,18.5,0,1
0,68.0,0,0,1,2,1,72.4,24.3,3,1
1,8.9,1,0,1,0,0,115.7,32.5,0,0
1,25.7,0,1,1,0,0,113.6,26.7,1,0
0,20.8,0,1,1,4,0,50.3,25.2,0,0
0,53.3,1,0,0,4,0,164.5,33.2,2,1
0,23.5,1,1,1,3,1,178.1,20.6,3,1
1,11.6,1,0,0,1,0,60.8,32.9,0,0
0,2.1,1,1,1,2,0,78.1,35.2,1,0
0,35.1,1,0,0,2,1,86.5,33.3,1,1
1,64.0,0,1,1,1,0,130.1,28.1,0,1
0,77.1,1,1,0,2,0,73.3,27.6,0,1
0,49.5,1,1,0,1,1,84.1,31.3,2,0
0,76.7,1,0,1,2,1,72.8,33.1,3,1
1,41.5,0,1,0,4,1,71.1,23.2,0,0
1,49.8,1,1,0,3,1,95.5,31.3,2,1
1,55.6,0,1,1,4,0,87.1,18.8,0,0
1,40.8,1,1,0,0,1,107.3,25.3,1,1
0,62.8,1,1,1,2,0,182.8,34.0,2,1
0,25.3,1,1,0,0,1,116.1,26.3,0,0
0,71.9,1,1,0,4,0,92.6,23.0,0,1
0,0.9,1,1,1,0,1,96.1,27.2,0,0
0,78.1,1,0,1,3,1,116.1,43.0,0,1
0,80.9,0,0,0,2,1,85.6,42.7,1,1
0,63.1,1,0,1,2,1,158.5,36.6,3,1
0,60.1,0,0,1,4,0,93.5,23.5,1,1
0,71.1,1,0,0,3,1,50,33.9,1,1
0,59.4,0,1,0,3,0,125.5,31.1,0,1
0,57.9,1,1,1,0,1,66.1,19.8,3,1
1,5.3,1,1,0,4,1,59.7,18.3,1,0
0,71.5,1,0,1,1,1,50,32.9,0,0
0,0.3,0,0,0,0,1,145.3,25.7,1,0
0,46.4,0,0,1,3,0,79.0,24.3,1,0
1,49.2,1,0,0,3,1,116.5,24.7,1,1
0,73.5,0,0,0,0,1,77.2,40.0,3,1
1,5.7,0,0,0,1,1,125.1,37.6,0,0
1,78.4,0,1,1,0,0,135.4,22.6,3,1
1,30.5,0,1,0,2,1,116.7,17.6,1,0
1,28.4,1,1,1,3,0,128.0,36.4,2,1
1,54.9,0,1,0,4,1,157.0,35.4,3,1
0,28.0,1,1,1,2,0,69.2,25.6,1,1
1,4.4,1,0,0,4,0,59.2,37.2,3,1
1,17.5,0,1,1,2,0,118.3,35.6,0,0
0,55.8,0,0,1,2,0,71.5,28.0,1,0
0,6.6,1,0,0,0,1,148.0,27.2,2,0
1,26.6,1,0,0,0,0,50,10,1,0
1,32.1,0,1,1,4,0,86.4,28.9,0,0
1,41.7,1,1,0,3,1,104.5,29.3,0,1
0,22.1,1,0,0,0,0,117.0,38.4,0,0
0,20.3,0,1,0,3,1,140.8,29.0,0,0
0,30.9,0,1,0,4,1,81.2,38.8,2,1
0,60.0,0,1,1,3,0,164.9,29.8,3,1
0,21.7,0,0,0,1,0,155.1,23.1,1,0
1,1.8,0,1,1,2,0,66.9,23.5,3,0
1,21.6,0,1,0,4,1,73.6,28.6,2,0
0,32.6,1,1,0,1,0,74.0,28.5,2,1
1,11.8,0,1,1,3,0,112.1,31.8,3,1
0,1.9,0,0,0,1,1,86.0,20.0,3,0
0,15.4,1,0,0,2,0,133.5,20.2,2,0
1,53.6,1,1,0,4,0,92.1,27.1,3,1
1,25.3,1,1,0,1,0,126.5,19.6,3,1
1,49.1,1,0,1,1,1,195.0,21.5,2,1
0,29.6,1,1,0,0,0,149.6,37.5,2,1
1,1.6,1,0,0,0,1,96.9,27.4,1,0
1,27.0,1,1,0,3,0,99.9,26.2,0,1
0,80.1,0,0,0,1,1,116.3,24.7,1,0
1,13.8,0,1,0,3,1,104.5,28.6,2,0
0,63.3,0,0,1,3,0,70.8,33.0,2,1
1,67.5,1,0,0,2,1,193.5,33.0,1,1
0,53.8,1,1,0,4,0,160.0,19.3,0,1
0,45.5,1,0,0,2,0,147.3,21.8,2,1
1,72.3,1,0,1,3,1,114.1,19.5,3,1
0,53.7,0,1,1,2,0,119.7,21.8,0,0
1,38.2,1,0,0,1,1,134.4,26.9,1,1
0,65.0,1,1,0,4,1,144.2,14.5,1,1
1,32.0,0,1,0,1,1,126.2,33.2,2,1
0,24.5,1,0,1,4,1,119.8,15.1,2,0
1,33.4,0,0,1,1,1,212.4,34.4,0,0
1,47.6,1,0,1,1,1,81.7,21.8,2,1
1,33.6,1,0,0,2,0,67.4,30.7,1,0
0,51.7,0,1,0,4,1,187.9,19.6,1,1
0,63.2,1,1,1,4,1,91.4,32.2,1,1
0,22.4,0,0,1,1,0,102.2,38.9,0,0
1,44.5,1,0,0,2,1,117.0,27.1,1,0
1,21.7,1,0,0,4,1,147.9,42.1,3,0
0,67.4,0,1,0,3,0,146.3,30.4,3,1
1,72.9,0,1,1,1,0,134.9,25.9,0,1
0,65.1,0,0,1,4,0,255.5,32.5,1,1
0,54.6,0,1,1,0,1,50,25.3,2,0
0,36.7,1,0,0,1,1,53.9,25.4,1,0
0,44.5,0,1,1,3,0,94.1,28.3,2,0
1,6.5,0,0,0,1,0,133.2,21.2,0,0
1,59.3,0,1,0,0,0,109.7,20.5,3,0
0,23.1,1,1,0,4,0,64.3,31.0,1,1
1,62.5,1,1,1,2,0,174.9,28.3,2,1
0,62.9,0,1,0,3,1,130.9,20.1,3,0
0,41.3,0,1,0,4,0,129.7,21.9,1,1
0,66.4,1,1,1,3,1,137.4,28.9,3,1
0,74.9,0,1,0,2,0,122.6,40.8,1,1
1,62.5,0,1,0,4,1,88.9,19.2,0,1
1,4.3,0,0,0,2,1,120.1,35.4,1,0
0,49.7,1,0,1,4,0,115.7,37.1,1,1
1,32.0,1,1,1,4,1,144.9,26.7,1,1
0,36.9,1,0,1,1,1,61.8,26.4,0,0
0,29.2,1,1,0,1,0,102.1,31.2,3,1
1,79.3,0,1,0,1,1,135.0,29.3,3,1
1,26.2,1,0,0,3,1,82.7,20.1,2,0
0,41.1,1,0,0,1,0,112.4,29.3,0,1
1,0.3,1,1,1,2,1,136.4,31.1,3,1
0,78.2,0,1,0,1,1,105.8,38.1,2,1
1,44.7,1,1,1,4,0,132.5,30.3,3,1
1,5.8,0,1,1,0,1,142.8,31.9,1,0
0,59.8,0,1,0,3,0,86.9,21.8,3,0
1,78.9,0,0,0,0,0,98.3,39.2,0,1
1,67.1,1,0,1,1,1,181.5,33.5,3,1
1,49.6,1,0,0,0,0,59.4,24.7,2,1
0,4.1,1,1,0,4,0,153.2,31.6,0,0
0,0.4,1,1,0,1,0,113.4,38.6,3,1
0,8.7,1,0,0,3,0,207.7,25.4,3,1
1,81.7,0,0,1,4,1,127.2,38.9,3,1
1,16.8,0,1,0,0,1,59.9,32.9,3,1
0,40.5,1,0,0,1,1,117.7,39.7,0,1
0,42.0,1,1,0,2,1,50,34.4,3,1
0,44.1,1,1,0,2,0,158.0,39.0,1,1
1,56.1,1,0,0,0,1,59.3,53.1,0,1
0,44.0,0,0,0,3,1,136.4,28.8,2,1
0,72.7,1,0,0,2,0,117.2,46.8,1,1
0,54.2,1,0,0,0,1,76.1,29.4,3,1
0,61.6,0,1,0,1,0,98.0,31.8,1,1
0,61.5,0,0,0,4,0,96.9,21.8,2,0
0,46.8,1,0,0,1,0,83.7,21.4,3,1
1,35.7,1,0,0,0,1,87.3,23.8,3,0
0,80.1,0,1,0,3,1,150.0,31.1,0,1
1,44.7,0,1,1,4,1,130.1,13.8,2,0
0,28.6,0,1,0,4,1,57.3,30.3,1,0
1,60.4,1,0,1,3,1,86.7,30.1,3,1
0,3.6,0,1,1,1,1,122.4,31.1,2,0
1,72.6,0,0,0,2,1,89.9,27.6,1,0
1,41.7,1,0,1,0,1,128.0,19.5,3,0
1,12.7,0,1,0,4,1,87.8,32.5,3,1
1,16.9,0,0,0,2,0,50,36.0,3,0
1,50.2,1,0,0,0,0,106.3,31.9,2,1
1,75.0,1,1,0,1,1,177.9,29.8,3,1
1,51.5,0,1,0,4,0,111.4,21.1,2,1
1,34.8,0,0,0,2,0,91.6,26.4,0,0
0,51.1,0,1,0,4,1,69.4,27.6,0,1
1,13.6,1,1,1,0,1,110.7,26.2,3,0
1,24.0,1,0,1,0,1,175.1,11.5,2,0
0,21.6,1,1,0,2,1,182.5,21.7,1,1
0,61.7,1,1,0,4,1,101.5,28.4,1,1
0,28.3,0,0,1,2,0,100.9,30.8,1,0
1,74.2,0,1,1,0,0,183.6,47.3,3,1
1,44.4,0,0,0,1,0,107.8,22.7,1,0
0,22.8,1,1,1,2,1,50,17.0,3,0
0,46.6,1,1,1,1,1,134.3,24.1,1,1
0,37.3,0,0,0,1,1,76.4,16.9,3,0
0,15.1,0,1,1,4,1,155.0,17.4,3,1
0,18.7,1,0,1,4,1,73.2,25.1,0,0
1,23.3,0,0,0,4,1,120.8,27.5,0,0
0,77.7,1,1,1,3,0,156.7,17.1,0,1
1,53.3,0,0,1,1,0,50,39.9,2,0
1,35.2,0,0,1,3,0,86.1,25.5,0,0
1,37.8,0,0,1,4,1,92.7,21.8,0,0
1,11.8,1,0,0,0,0,85.2,42.2,0,0
1,64.9,0,1,1,1,0,148.9,25.4,0,1
0,31.6,1,1,1,2,1,110.9,43.5,1,1
0,20.7,1,0,1,4,1,134.1,14.4,0,0
0,6.9,1,0,0,1,1,92.0,19.5,1,0
1,13.3,1,1,0,1,1,98.9,30.7,3,1
1,44.7,0,0,0,4,0,123.9,42.5,2,1
1,51.9,0,1,1,0,0,78.6,27.7,3,1
0,66.4,1,1,0,4,1,126.9,21.2,2,1
1,29.2,0,0,1,3,0,101.4,31.9,1,0
1,32.6,0,0,1,2,0,69.5,18.2,3,0
0,68.6,1,1,0,3,0,182.7,26.0,3,1
0,73.7,0,1,0,0,0,90.6,20.3,0,0
1,34.4,1,1,0,2,1,142.8,10,3,0
0,17.6,0,1,0,3,0,87.1,35.3,0,0
0,61.3,0,1,0,0,1,162.0,22.8,1,1
1,43.2,1,1,1,4,1,96.5,24.7,1,1
1,59.9,0,0,0,3,0,173.8,23.4,0,0
0,17.5,0,0,1,0,0,147.3,13.4,2,0
1,18.3,1,0,0,3,0,115.3,13.7,3,0
1,81.3,1,0,0,0,1,135.0,18.9,2,1
0,57.5,1,1,0,3,0,118.4,25.0,2,1
1,23.1,0,0,0,3,1,96.0,22.3,2,0
0,66.2,0,0,1,1,0,105.3,26.2,1,0
1,21.9,1,1,0,4,1,177.7,43.2,2,1
0,65.7,0,0,1,1,1,90.8,17.1,1,0
1,45.5,0,0,0,2,0,50,27.6,2,0
0,52.1,0,1,0,1,0,206.0,22.8,1,1
0,2.6,0,0,0,1,1,50,32.3,2,0
0,46.3,0,1,1,0,0,50,22.1,0,0
1,35.3,1,1,0,3,1,140.0,33.6,0,1
0,4.4,1,0,1,1,0,158.4,37.7,1,0
1,75.6,0,0,1,2,0,50,20.5,2,0
0,7.8,0,1,1,0,1,127.3,21.1,3,0
1,38.9,0,0,1,4,1,140.0,21.5,3,0
0,34.4,1,0,0,1,1,71.6,29.5,0,1
1,77.4,0,0,1,1,1,102.0,37.8,1,0
0,51.5,0,1,1,3,0,191.8,30.0,1,1
0,32.6,0,0,1,0,0,85.2,25.4,1,0
0,62.8,1,0,0,4,1,113.1,20.7,1,1
0,54.1,0,1,0,0,0,111.4,31.2,3,1
0,69.8,0,0,0,0,0,202.8,30.2,2,1
0,64.5,0,0,1,0,1,108.0,27.8,1,0
0,26.0,1,1,1,4,1,50,47.9,3,1
0,44.5,0,0,1,4,0,65.8,33.3,2,1
1,67.1,0,0,1,4,0,65.6,35.6,0,0
0,45.0,0,1,0,2,0,130.9,26.6,0,0
1,56.0,0,0,1,1,0,117.5,38.0,2,0
0,5.2,1,0,0,1,0,142.7,25.0,2,1
1,39.6,1,0,1,2,0,60.4,19.3,3,1
1,35.2,0,1,0,0,0,108.1,26.8,1,0
1,70.8,0,1,0,4,1,171.1,25.5,2,1
1,18.0,1,1,1,3,0,146.9,24.5,2,1
0,50.5,0,0,1,2,0,190.0,32.1,2,0
0,81.3,1,1,1,2,1,81.9,19.5,0,1
1,50.6,1,1,1,2,0,71.6,27.8,1,1
0,13.1,0,0,0,3,1,138.2,19.6,3,0
1,27.1,0,0,1,2,1,128.2,41.7,3,0
0,17.1,0,0,0,2,1,83.5,26.8,2,0
1,53.5,1,1,1,2,1,98.5,29.8,3,1
1,35.9,1,1,0,0,0,69.0,21.9,1,1
0,77.7,0,1,1,0,0,131.5,35.3,3,1
1,50.4,0,1,0,4,1,154.4,28.5,3,1
1,21.6,1,0,0,1,0,140.0,42.0,2,1
0,55.6,0,0,0,0,1,149.3,28.0,3,1
1,52.7,1,1,0,3,1,148.2,18.6,3,1
0,51.4,1,0,1,1,0,146.8,23.5,2,1
0,43.6,0,1,0,1,0,117.3,34.6,1,1
1,65.7,0,0,0,4,0,50,35.7,2,0
0,34.9,0,0,0,3,0,164.6,30.6,2,1
0,70.5,0,1,0,4,1,119.5,35.5,1,1
0,48.5,0,1,0,2,0,170.0,26.5,3,1
1,14.4,1,1,0,3,0,143.8,30.9,2,1
0,34.3,0,0,0,1,0,156.2,29.3,3,0
1,9.6,0,1,1,1,1,89.7,37.1,0,0
0,11.5,1,1,0,4,1,95.1,23.8,2,0
1,14.1,0,0,1,3,0,80.8,24.6,0,0
1,8.3,0,0,1,1,0,94.0,30.0,1,0
1,58.9,0,0,1,2,1,109.4,19.3,0,0
1,36.8,0,0,1,1,0,98.9,20.5,2,0
1,30.0,1,0,0,3,1,152.8,32.6,3,0
0,5.8,1,0,0,0,1,112.4,42.7,0,1
1,57.3,1,1,0,4,1,147.8,31.4,3,1
1,58.2,0,0,0,1,1,89.5,25.3,2,0
1,12.3,0,0,1,2,1,118.4,28.6,3,0
0,68.2,0,1,1,3,1,156.8,33.6,0,1
1,9.6,1,1,0,4,1,72.4,40.8,3,1
0,21.4,0,1,0,0,1,151.6,29.2,0,0
1,64.7,0,1,1,3,1,183.2,33.3,1,1
0,32.9,1,1,1,4,0,50,39.4,0,1
1,42.2,0,0,0,3,0,83.0,31.9,1,0
1,16.5,1,0,0,0,1,137.8,34.7,3,1
1,47.5,0,0,0,4,1,163.0,23.5,2,0
0,5.9,0,1,0,2,0,94.0,39.4,0,0
1,75.3,0,0,1,1,1,156.9,25.2,3,1
0,70.3,1,0,1,4,0,119.0,19.5,3,1
0,3.9,0,0,1,4,1,64.8,28.8,1,0
0,20.5,1,0,0,1,1,73.7,26.1,3,1
1,65.9,0,1,0,2,0,56.8,22.5,1,1
0,78.7,1,0,1,3,1,117.1,34.1,1,1
0,11.8,0,1,0,0,0,56.8,26.0,3,0
1,67.8,1,1,1,4,1,153.3,30.3,0,1
0,71.5,0,1,0,0,0,82.8,32.1,0,1
1,4.5,0,1,1,2,0,98.9,46.5,2,0
0,25.2,0,1,0,3,1,58.0,24.9,2,0
0,78.3,0,0,1,3,0,111.6,38.8,2,1
1,3.3,1,1,1,3,0,99.7,23.4,3,1
0,71.9,0,0,1,1,1,84.4,22.8,2,0
0,56.4,1,0,0,2,0,50,27.7,1,0
0,53.4,1,1,1,0,1,200.7,16.2,2,1
0,56.8,0,1,1,2,1,124.2,28.6,1,1
1,10.9,1,0,0,4,1,110.0,18.3,1,0
0,72.8,0,0,1,4,0,164.6,24.9,1,1
0,71.0,0,0,1,4,0,52.1,27.8,0,0
1,56.6,0,1,1,0,1,138.3,34.5,1,1
1,37.3,0,0,1,1,0,195.4,47.8,3,1
1,1.3,1,1,0,0,0,141.6,32.3,1,1
1,59.4,0,1,0,4,1,50,31.1,0,0
1,50.6,1,1,0,2,1,50,22.9,1,1
1,66.6,0,0,0,4,1,94.7,34.6,2,0
1,35.7,1,0,0,4,1,84.3,31.7,2,1
0,36.3,0,1,0,2,0,87.9,33.1,2,0
0,35.7,0,0,1,0,1,50,24.7,3,0
1,33.1,1,0,1,0,1,86.2,28.2,1,1
0,49.2,1,1,0,3,0,146.6,16.8,1,1
0,50.2,0,1,0,3,0,92.0,26.5,1,1
1,18.3,0,1,0,3,1,98.1,27.0,2,1
0,55.8,1,1,0,0,0,154.0,25.7,1,1
1,3.6,1,0,0,4,1,219.2,29.6,0,0
1,37.5,1,1,1,1,1,75.9,26.9,1,1
0,1.9,1,0,1,3,0,92.6,38.2,2,0
0,20.0,1,0,1,2,1,87.9,33.8,0,0
1,3.1,0,0,1,4,1,50,31.9,2,0
1,11.9,1,1,1,0,0,156.2,37.4,2,1
0,44.7,0,0,1,1,1,116.9,17.8,1,0
1,69.0,0,1,0,3,1,157.0,24.3,0,1
0,3.7,1,0,1,0,0,173.0,36.9,2,1
0,29.2,1,0,0,3,0,98.5,41.2,3,1
1,62.5,1,0,0,1,0,85.0,34.3,2,1
0,77.7,1,0,0,3,1,50,26.9,0,0
0,76.7,1,1,1,1,0,157.0,30.7,3,1
1,2.8,1,0,1,0,0,144.5,19.3,1,0
0,58.7,1,0,1,1,0,61.1,23.4,0,1
0,66.8,0,1,1,0,1,129.4,29.4,3,1
1,77.5,1,0,0,1,1,50,44.2,0,1
0,68.4,0,0,1,1,0,87.2,24.9,2,0
1,32.1,0,0,0,4,0,149.3,31.8,3,0
1,30.9,0,1,0,1,0,212.0,25.8,2,1
0,78.7,0,1,1,0,1,149.2,27.9,3,1
0,0.8,1,1,1,0,0,104.1,27.2,2,0
1,50.6,1,1,0,2,1,99.3,38.3,1,1
0,4.8,1,1,1,2,1,50,17.8,3,0
0,46.6,0,0,0,3,1,129.3,26.9,0,0
1,54.8,0,0,1,1,0,61.9,28.6,1,0
1,53.4,0,1,1,1,1,107.6,22.6,2,0
0,58.5,1,0,0,1,1,50,27.8,1,0
0,71.2,1,1,0,3,0,129.1,32.7,2,1
1,74.4,1,0,1,4,1,90.5,26.9,2,1
0,31.5,1,0,0,2,0,144.8,27.4,1,1
1,48.2,0,1,1,2,0,50,24.8,3,0
0,73.1,0,0,0,4,0,116.3,31.4,3,1
1,45.3,1,0,1,3,0,162.9,21.2,1,1
0,48.0,0,0,1,0,0,111.8,29.9,1,0
1,31.5,0,0,0,3,0,135.1,29.3,3,0
1,69.5,1,1,1,2,0,125.1,10,0,1
0,81.5,0,1,0,4,0,155.9,36.8,1,1
1,76.0,0,1,0,0,1,64.5,32.2,2,1
1,56.2,1,1,0,2,0,79.4,26.1,2,1
0,5.1,0,0,0,4,1,99.5,29.6,0,0
0,15.0,1,1,1,1,1,50,34.4,3,1
1,39.8,1,1,1,1,1,111.5,26.9,2,1
1,66.8,0,0,0,2,1,120.9,41.4,2,1
1,23.5,1,0,0,2,0,88.7,25.2,3,0
0,64.2,1,1,0,1,0,111.5,28.4,3,1
1,16.1,1,0,0,1,1,134.3,28.1,3,1
1,37.4,0,0,1,1,0,50,31.7,3,0
1,62.1,0,0,0,3,1,159.7,29.2,2,1
0,11.7,1,0,1,2,1,75.0,23.0,3,0
0,6.5,1,1,1,3,0,105.8,12.4,3,0
0,15.6,0,0,1,4,0,83.2,27.0,2,0
1,35.8,0,1,0,4,0,161.9,25.2,3,1
0,54.3,0,1,0,4,1,135.9,34.4,1,1
0,32.7,0,1,0,0,0,78.3,27.5,3,1
1,50.1,1,0,1,1,0,145.9,20.7,0,1
1,18.5,0,1,1,2,1,212.9,37.1,0,0
0,73.7,0,0,0,2,0,82.3,42.7,3,1
1,38.9,1,0,0,4,1,107.5,37.5,1,1
0,32.3,1,1,1,2,0,100.2,35.5,0,1
0,34.3,0,1,1,2,0,151.1,35.3,2,0
0,5.0,1,1,0,4,0,176.6,22.1,1,1
1,65.6,0,1,1,4,0,60.3,30.9,3,1
0,53.6,0,0,1,2,1,70.0,33.6,3,1
1,67.1,0,0,0,0,0,136.3,24.2,1,0
0,1.7,0,0,1,4,0,121.6,25.8,1,0
0,57.2,1,0,0,1,1,95.9,14.3,0,0
1,80.8,1,1,0,3,0,50,36.0,0,1
0,12.8,0,1,1,0,0,103.7,30.8,3,1
0,20.1,1,1,1,0,1,127.8,30.3,1,1
0,29.4,0,1,1,1,1,196.4,20.7,3,1
1,14.9,1,1,0,2,1,121.3,25.1,3,0
1,70.5,0,0,0,4,0,51.9,19.2,2,0
1,28.6,0,0,0,3,1,84.5,25.2,2,0
1,53.5,1,1,1,4,0,140.5,34.3,1,1
0,20.4,0,0,1,3,1,72.3,29.5,2,0
0,17.5,1,0,0,3,0,50,40.9,0,1
0,81.1,0,1,0,3,0,153.1,30.6,2,1
0,29.2,0,1,0,4,0,93.5,32.8,1,0
0,5.2,1,0,1,2,1,119.0,37.9,0,0
1,48.9,0,0,1,1,1,121.9,31.6,3,0
0,25.5,1,1,0,3,1,50,25.4,2,1
0,35.0,1,1,0,0,0,124.4,13.9,0,1
1,62.3,0,0,1,2,1,142.8,31.8,1,0
0,73.6,0,0,0,1,1,168.8,22.1,3,1
0,22.5,0,0,1,0,0,50.9,19.2,0,0
0,4.3,1,0,0,0,0,75.7,30.9,2,0
0,22.0,1,1,1,3,1,86.1,35.0,2,0
0,56.3,1,0,1,2,0,106.7,28.8,2,1
1,55.0,0,0,1,2,1,112.4,32.0,1,1
1,41.5,0,0,1,0,1,50,26.1,1,0
1,17.5,1,1,1,0,0,58.3,33.1,0,0
1,77.4,0,1,0,0,1,61.2,35.3,2,1
1,70.9,0,1,0,0,1,57.2,21.1,0,1
0,11.6,0,0,0,0,0,110.4,24.1,2,0
0,53.6,1,0,0,3,1,160.0,29.9,3,1
1,63.6,1,0,0,4,0,122.9,29.4,0,1
1,69.9,0,1,0,3,1,59.6,25.1,0,1
0,7.1,0,1,1,4,0,60.8,31.1,2,0
1,51.2,1,0,1,2,0,74.3,32.0,2,1
1,26.5,0,0,0,4,1,50,22.0,0,0
0,24.7,1,1,1,3,1,50,16.9,3,0
0,30.8,0,1,0,3,1,89.3,40.1,1,0
1,36.5,1,0,1,1,1,50,29.2,2,1
0,66.3,0,0,1,3,0,56.3,30.3,3,1
1,77.8,1,0,0,4,0,91.5,33.6,2,1
0,20.9,1,0,1,2,1,193.3,40.8,3,1
1,12.4,0,1,0,1,0,135.1,20.5,1,0
0,12.7,1,0,0,4,0,74.0,42.5,3,0
0,38.7,1,1,0,3,1,67.3,31.8,1,1
0,8.5,1,0,0,4,0,89.3,18.1,2,0
1,51.9,0,1,0,3,0,108.3,27.5,1,1
0,45.7,0,0,1,0,1,89.0,35.8,0,0
1,76.6,0,0,0,1,0,120.5,23.4,1,0
1,25.0,1,0,1,2,1,50,32.4,2,0
0,9.9,0,1,0,4,1,154.7,39.8,1,0
0,10.7,0,1,1,1,1,50,34.7,2,0
1,41.9,0,0,0,0,1,121.8,27.2,1,0
1,28.4,1,1,0,2,1,67.9,24.4,1,1
1,60.7,1,1,0,4,0,71.8,14.9,0,1
0,79.7,1,1,0,2,0,50,33.7,2,1
0,48.3,0,1,1,1,1,50,25.2,1,0
1,36.3,1,1,0,0,1,161.2,31.4,2,1
1,34.9,1,0,1,4,1,154.9,30.0,1,1
1,51.1,1,0,0,1,1,187.9,28.3,0,1
0,73.3,0,0,0,2,1,50,25.2,3,0
1,1.5,1,1,0,4,1,209.6,35.9,3,1
0,25.3,0,1,0,0,1,100.0,17.9,0,0
1,36.4,1,1,0,2,1,143.2,25.3,2,1
1,13.3,1,1,1,0,1,111.7,35.0,3,1
1,9.8,0,0,0,1,1,168.6,26.9,1,0
1,20.8,1,1,0,1,1,91.9,24.8,1,1
0,81.1,1,0,1,4,0,50,25.6,1,1
1,29.5,1,1,0,0,1,104.1,32.5,3,1
1,6.9,1,1,1,0,1,78.7,30.8,3,1
1,70.1,0,0,0,4,0,104.3,31.6,2,0
1,61.2,0,0,1,0,1,175.0,30.6,0,1
0,65.8,1,1,1,4,1,109.8,25.6,3,1
1,4.2,0,0,1,1,0,176.6,33.7,1,0
0,52.7,1,1,0,2,0,59.3,26.6,1,1
0,3.8,1,0,0,3,1,94.1,18.2,0,0
0,11.1,0,1,1,1,0,109.4,26.6,1,0
1,80.3,0,0,1,1,1,50,37.9,3,0
0,49.0,0,1,0,1,1,62.4,31.3,0,0
1,69.9,1,0,0,1,0,111.9,23.8,0,1
0,49.7,0,0,1,2,0,153.0,33.4,2,1
1,72.1,1,1,0,2,0,147.3,27.1,3,1
1,1.9,0,1,1,4,0,105.9,32.4,0,0
1,79.4,1,1,1,1,1,127.1,35.1,2,1
0,42.6,0,0,1,0,0,127.6,14.6,3,0
0,22.6,1,1,1,0,0,71.5,25.9,1,1
1,33.4,1,1,1,0,0,143.8,10,3,1
1,26.9,0,1,0,1,1,136.0,36.4,3,1
1,80.1,1,0,1,0,1,67.1,17.6,0,1
0,9.7,0,1,0,3,1,78.8,34.3,1,0
0,12.1,1,0,0,0,1,106.2,24.8,1,0
0,58.9,1,0,1,3,1,50,37.3,1,0
1,16.5,0,1,0,4,1,140.0,28.8,2,0
1,20.6,1,1,0,2,1,93.0,28.5,2,1
1,75.4,1,1,0,1,0,128.1,33.9,0,1
0,70.3,1,1,0,0,1,99.0,39.9,1,1
0,41.3,1,0,1,1,0,50,23.3,0,0
1,62.9,0,0,1,1,1,77.9,34.3,1,0
0,50.8,0,1,0,1,1,143.5,14.1,3,0
1,23.9,0,1,1,2,1,50,42.5,3,0
0,5.8,1,1,1,3,0,96.1,30.6,3,1
0,61.4,1,0,0,4,0,195.6,19.6,0,1
1,34.8,1,0,0,1,0,130.3,25.9,2,1
1,39.1,0,0,1,3,0,65.6,29.4,2,0
1,70.5,1,1,0,3,0,132.9,28.4,1,1
0,55.3,1,1,1,4,0,99.4,37.2,0,1
0,30.8,1,1,1,3,1,93.6,22.2,2,1
1,61.8,0,0,1,1,0,74.6,30.3,1,0
1,58.2,1,1,1,4,0,174.8,26.3,0,1
1,63.4,1,1,1,4,0,72.9,18.6,1,1
0,49.2,1,1,1,3,1,128.8,43.3,3,1
0,55.8,1,0,1,1,1,152.3,19.9,2,1
1,77.4,1,1,1,2,1,50,20.6,2,1
1,71.1,0,1,1,4,1,93.0,26.3,2,1
0,24.2,0,0,1,0,1,133.3,27.4,2,0
1,19.5,0,0,0,4,1,76.1,29.5,0,0
0,30.9,0,0,1,4,1,53.8,24.0,2,0
1,72.6,1,1,1,0,1,73.8,29.1,3,1
1,73.4,1,0,0,3,1,95.6,18.3,3,1
0,9.1,0,1,1,0,1,77.9,25.3,1,0
0,80.4,1,1,1,1,0,50,24.9,1,1
0,23.2,1,1,1,0,1,108.2,42.0,0,1
1,81.6,1,1,1,0,1,50,27.8,0,1
1,38.1,1,0,1,3,0,159.8,27.6,0,1
1,2.2,0,0,0,4,1,109.7,41.6,2,0
0,56.0,1,0,1,3,1,138.3,17.3,3,1
1,78.0,0,1,0,2,1,92.6,21.5,0,0
0,73.4,1,0,0,0,0,116.5,30.9,3,1
0,41.3,1,0,0,1,1,88.1,36.4,3,1
1,46.6,0,1,0,3,1,71.9,35.3,2,1
0,68.0,1,1,0,1,0,88.6,27.7,1,1
0,45.7,1,0,0,1,0,153.3,22.5,1,0
0,64.6,1,0,0,2,0,130.1,31.4,0,1
1,74.5,0,0,0,2,1,172.5,31.5,2,1
1,65.5,0,1,0,4,1,68.2,27.9,1,1
0,7.3,0,1,0,0,0,50,26.6,2,0
0,2.1,1,0,1,0,1,187.5,23.8,0,0
1,37.0,0,1,0,1,1,51.1,39.5,1,0
1,24.9,1,1,0,3,0,207.7,28.8,0,1
1,40.5,0,1,1,0,0,50,24.6,1,0
1,59.2,0,1,0,1,1,50,41.2,2,1
0,22.4,0,1,0,0,0,50,38.3,0,0
0,27.4,1,0,1,4,1,97.6,30.2,2,0
0,7.1,1,0,1,3,0,109.9,29.0,2,0
0,13.1,0,1,0,2,1,160.5,14.5,3,0
1,5.3,0,1,0,4,0,50.2,22.3,0,0
1,14.4,1,0,0,0,0,87.4,36.2,1,0
1,45.7,1,1,0,3,1,109.8,42.7,1,1
1,25.2,0,1,1,1,0,66.5,36.4,1,0
0,23.5,1,0,0,1,1,107.2,33.2,3,1
0,62.3,1,1,0,2,0,111.2,30.0,3,1
1,39.7,1,0,1,0,0,87.4,31.2,1,0
0,5.9,1,1,1,3,1,82.7,40.2,0,0
0,31.9,0,0,0,1,0,50,31.6,2,0
1,41.5,0,1,1,2,0,50,31.2,0,0
0,2.9,1,0,0,0,1,50,35.9,0,0
0,23.0,1,1,1,3,1,150.0,29.8,2,1
1,4.5,0,1,1,1,1,50,28.1,1,0
0,3.1,0,1,0,1,1,92.0,26.9,0,0
1,58.0,1,1,1,2,0,107.2,30.5,1,1
1,22.3,1,1,0,2,0,112.9,25.0,1,0
1,8.0,0,1,1,3,1,147.1,21.1,0,0
1,3.1,0,0,0,4,0,141.7,40.1,0,0
0,81.3,1,1,1,2,0,64.7,42.6,0,1
0,41.3,0,0,1,0,0,50,25.7,3,0
0,4.2,1,0,1,4,1,91.6,26.2,0,0
0,55.6,1,0,0,4,0,110.2,39.6,0,1
0,27.2,0,1,0,2,0,132.7,26.6,1,1
1,48.4,1,1,1,2,1,50,19.8,0,1
1,52.5,1,1,1,3,1,89.9,21.2,0,1
1,42.1,0,1,0,2,1,73.5,33.5,3,1
0,4.8,1,1,1,4,1,118.6,35.0,0,1
0,10.0,0,1,0,0,1,61.2,27.9,2,0
0,57.6,1,0,1,4,1,80.9,31.1,0,1
1,70.9,0,0,1,3,1,96.6,24.2,3,0
1,11.2,0,0,1,4,0,76.3,42.1,0,0
0,53.3,1,0,1,1,0,119.1,32.9,2,1
1,35.8,0,1,0,4,1,131.6,19.4,2,0
1,24.6,1,0,0,1,0,123.3,32.6,0,0
0,63.6,1,1,0,3,1,137.1,41.8,3,1
0,79.0,1,1,1,2,0,131.3,19.3,2,1
1,51.6,0,1,1,0,1,62.7,19.9,2,0
1,30.1,0,1,1,3,0,177.4,31.5,3,1
0,3.8,0,1,0,2,0,87.0,29.5,0,0
0,53.2,0,0,0,0,1,161.3,25.4,1,0
1,49.6,1,1,0,4,0,122.6,23.1,3,1
1,55.4,0,1,1,2,1,94.3,31.7,3,1
0,72.0,0,1,0,1,1,116.1,35.6,0,1
1,31.3,1,0,0,1,0,147.0,26.4,2,1
1,12.3,0,1,1,0,0,135.2,34.8,3,0
0,16.9,1,1,1,2,0,179.0,26.6,0,1
0,5.1,1,0,0,0,0,185.1,19.8,2,1
0,81.6,0,1,0,0,0,80.3,26.7,3,1
1,67.5,0,1,0,0,1,157.7,28.2,0,1
1,8.3,1,0,1,1,0,55.0,37.3,2,0
0,21.7,1,0,1,3,1,110.4,21.3,0,0
0,9.5,1,0,1,2,0,160.1,33.0,2,1
1,69.6,1,0,0,0,1,116.5,38.2,1,1
1,17.2,1,0,0,1,1,59.9,24.4,3,0
0,11.8,1,1,1,4,0,67.1,33.5,0,0
1,0.2,0,1,1,2,0,157.7,17.1,2,0
0,16.1,1,0,0,4,1,66.7,30.3,3,1
0,3.4,0,0,0,2,0,144.5,29.6,0,0
0,33.6,0,0,1,3,0,103.0,36.9,0,0
1,16.1,0,1,0,2,1,156.8,24.1,1,0
1,48.0,0,0,0,1,1,128.2,21.2,1,0
1,35.7,1,1,1,3,1,127.0,31.6,1,1
1,34.3,1,1,1,4,1,135.2,19.1,2,1
0,22.5,0,0,0,1,1,121.4,24.7,2,0
0,1.4,1,0,1,3,1,110.7,32.4,1,1
0,33.7,0,1,0,4,0,102.3,23.5,2,0
0,60.3,1,0,0,0,1,82.6,16.9,0,0
0,11.4,1,0,0,3,0,88.7,22.3,3,0
0,36.5,0,0,1,1,0,56.0,26.3,2,0
0,33.1,1,0,1,1,0,97.6,26.8,2,0
0,47.9,1,1,1,1,1,159.3,20.7,3,1
0,37.5,0,1,1,3,1,176.7,25.8,1,1
1,8.0,0,0,0,4,1,146.5,29.8,2,0
1,48.0,0,1,1,4,1,81.0,21.5,1,1
0,53.3,0,1,1,1,0,156.0,25.4,2,1
0,19.3,1,0,0,3,1,50,40.2,0,0
0,29.6,0,1,0,0,0,97.7,36.5,1,1
0,70.5,0,1,0,0,0,50,26.8,3,1
1,52.8,0,0,0,2,0,66.9,29.0,3,0
0,32.9,0,0,0,2,1,143.9,35.9,1,1
0,78.0,1,0,0,4,0,133.9,22.8,3,1
0,57.1,0,1,0,3,1,70.3,16.0,3,1
1,20.0,1,1,1,2,0,61.5,32.6,3,1
0,10.1,1,1,1,2,1,188.5,30.8,3,1
0,18.6,0,1,0,4,0,173.6,21.8,1,0
1,18.2,0,1,0,0,0,81.7,40.3,2,1
1,38.1,0,1,1,0,1,66.2,29.7,1,0
1,0.8,1,1,0,2,0,50,24.8,2,0
1,55.8,0,1,0,3,1,110.8,31.2,3,1
0,75.2,1,1,1,2,0,147.0,24.9,1,1
0,63.4,0,1,0,2,0,74.4,23.3,0,1
0,80.4,0,0,0,2,0,224.3,40.5,0,1
0,44.2,0,1,0,1,1,177.4,23.0,0,0
0,22.6,1,1,0,1,1,73.2,39.6,1,1
1,15.6,0,0,0,2,0,92.8,30.5,3,0
0,50.3,1,0,0,3,0,83.7,28.0,1,1
1,69.0,1,0,0,3,1,72.7,31.5,1,1
0,15.1,1,1,0,1,1,149.7,34.6,0,1
1,63.3,1,1,1,4,1,180.6,22.9,0,1
0,11.9,1,0,0,1,1,83.6,24.1,2,1
0,73.7,0,0,1,0,1,91.6,41.4,0,0
0,49.1,0,0,0,4,0,100.2,28.3,0,0
0,77.7,0,0,0,3,1,131.1,27.6,1,0
1,63.5,0,0,0,0,0,104.2,39.3,0,1
1,52.6,1,1,0,2,0,118.7,24.9,2,1
0,2.1,1,1,1,3,1,109.3,39.7,2,1
0,66.8,0,1,1,3,1,133.1,28.6,3,1
1,43.3,0,0,0,0,1,109.1,34.4,2,0
1,54.7,0,1,1,1,0,120.1,38.1,3,1
1,18.1,1,1,1,1,1,158.4,22.7,0,1
1,58.0,0,0,1,3,1,105.7,23.5,2,0
0,79.3,1,0,1,3,0,106.7,39.3,2,1
1,44.3,0,1,1,3,0,112.1,32.6,3,1
0,61.9,0,1,0,3,0,146.6,35.7,0,1
1,69.2,1,1,0,3,1,119.5,47.4,0,1
1,29.0,1,0,1,3,1,93.5,40.1,2,1
0,81.3,1,1,1,2,0,86.7,23.4,1,1
0,5.5,0,1,0,1,0,219.4,24.4,2,0
0,2.7,1,1,0,0,0,140.9,36.6,2,1
1,0.9,1,1,1,3,1,71.5,29.3,3,1
0,61.1,1,1,0,3,1,116.5,43.9,2,1
0,46.3,0,0,0,4,1,191.3,33.2,0,1
1,61.4,1,0,1,4,0,72.2,18.8,3,1
0,4.2,1,0,1,2,0,71.0,25.7,3,0
1,52.5,1,1,1,4,1,153.4,27.6,3,1
1,63.5,0,0,1,1,0,118.8,31.6,2,1
1,21.6,0,0,0,2,1,121.7,30.4,3,0
1,45.6,1,0,0,0,1,162.9,29.2,3,1
1,35.7,1,0,1,1,0,109.5,22.3,0,0
0,28.0,1,1,0,3,1,53.0,25.2,2,0
0,13.2,1,0,0,2,0,87.5,37.3,3,0
1,41.8,1,1,1,0,1,156.2,23.1,0,1
1,41.2,0,1,1,3,1,114.5,35.1,2,1
1,24.3,0,0,0,2,1,50,34.0,3,0
1,43.0,1,0,1,1,0,97.7,29.7,3,0
1,59.4,1,1,1,2,0,93.2,33.9,1,1
1,13.0,1,1,0,2,0,50,20.8,1,0
1,42.2,1,1,0,4,1,193.1,26.8,3,1
1,27.7,0,0,1,0,1,68.3,32.6,0,0
1,76.8,1,0,1,4,1,66.6,39.4,0,1
0,51.3,0,1,0,1,1,50,24.1,1,1
1,30.8,0,0,0,4,0,144.8,27.3,2,0
1,77.0,0,1,1,0,0,117.0,48.1,3,1
